"DATASET","SERIES_CODE","OBS_MEASURE","COUNTRY","INDEX_TYPE","COICOP_1999","TYPE_OF_TRANSFORMATION","FREQUENCY","SCALE","2014","2015","2016","2017","2018","2019","2020","2021","2022","2023","2024","2025"
"IMF.STA:CPI(5.0.0)","USA.CPI.CP10.IX.A","OBS_VALUE","United States","Consumer price index (CPI)","Education","Index","Annual","Units","115.9650340792971","120.1568304777578","123.5310475395957","126.4141455986423","129.3128619467054","133.064108314739","135.6816002270366","137.6002689393182","142.5216489484796","145.9416733092012","150.6056372500002",""
"IMF.STA:CPI(5.0.0)","USA.CPI.CP02.IX.A","OBS_VALUE","United States","Consumer price index (CPI)","Alcoholic beverages, tobacco and narcotics","Index","Annual","Units","108.1712604065412","110.0312497489576","112.5441722922463","116.5005101180099","119.5429199815411","123.4290998447777","127.6418801976919","133.3368144536114","140.3651962950169","147.078313602522","153.6597731559211",""
"IMF.STA:CPI(5.0.0)","USA.CPI.CP10.POP_PCH_PA_PT.A","OBS_VALUE","United States","Consumer price index (CPI)","Education","Period average, Period-over-period percent change","Annual","Units","3.278435470273218","3.614707167329716","2.808177486391421","2.333905618441772","2.293031633711593","2.900907389691543","1.967090859772943","1.414096464864126","3.576577318560134","2.399652534161958","3.195772554229684",""
"IMF.STA:CPI(5.0.0)","USA.CPI.CP10.YOY_PCH_PA_PT.A","OBS_VALUE","United States","Consumer price index (CPI)","Education","Period average, Year-over-year (YOY) percent change","Annual","Units","3.278435470273218","3.614707167329716","2.808177486391421","2.333905618441772","2.293031633711593","2.900907389691543","1.967090859772943","1.414096464864126","3.576577318560134","2.399652534161958","3.195772554229684",""
"IMF.STA:CPI(5.0.0)","USA.CPI.CP01.YOY_PCH_PA_PT.A","OBS_VALUE","United States","Consumer price index (CPI)","Food and non-alcoholic beverages","Period average, Year-over-year (YOY) percent change","Annual","Units","2.407605049911218","1.167710534044164","-1.325348967551435","-0.2021815396274888","0.4555646829991004","0.8851312740151962","3.505030207025687","3.469165181772155","11.43888507698044","4.944268537209466","1.166139683295299",""
"IMF.STA:CPI(5.0.0)","USA.CPI.CP08.YOY_PCH_PA_PT.A","OBS_VALUE","United States","Consumer price index (CPI)","Communication","Period average, Year-over-year (YOY) percent change","Annual","Units","-0.04913677512846218","-1.700051660639602","-0.5506312000047505","-5.483101937283149","-1.265205232881598","-0.5365879944943573","2.362062284321631","1.817033557034938","-0.4300501152439049","0.180603006982541","-1.353979705761834",""
"IMF.STA:CPI(5.0.0)","USA.CPI.CP03.POP_PCH_PA_PT.A","OBS_VALUE","United States","Consumer price index (CPI)","Clothing and footwear","Period average, Period-over-period percent change","Annual","Units","0.3951694145837481","-0.9987355791187303","-0.02269052954021331","-0.3733105486514277","0.3271378702705169","-0.9156038327136696","-4.453169100115386","2.39402367041304","5.415234270046053","2.684160780062512","0.9523741332289677",""
"IMF.STA:CPI(5.0.0)","USA.CPI.CP03.IX.A","OBS_VALUE","United States","Consumer price index (CPI)","Clothing and footwear","Index","Annual","Units","106.7175327622722","105.6517067934177","105.627733861678","105.2334143888709","105.5776727395156","104.6109995214227","99.95249481541285","102.3453812004622","107.8876233570389","110.7835006297301","111.8385740336132",""
"IMF.STA:CPI(5.0.0)","USA.CPI.CP08.POP_PCH_PA_PT.A","OBS_VALUE","United States","Consumer price index (CPI)","Communication","Period average, Period-over-period percent change","Annual","Units","-0.04913677512846218","-1.700051660639602","-0.5506312000047505","-5.483101937283149","-1.265205232881598","-0.5365879944943573","2.362062284321631","1.817033557034938","-0.4300501152439049","0.180603006982541","-1.353979705761834",""
"IMF.STA:CPI(5.0.0)","USA.CPI.CP08.IX.A","OBS_VALUE","United States","Consumer price index (CPI)","Communication","Index","Annual","Units","99.76284151279348","98.06682166895398","97.5268351519917","92.1793393644019","91.0130815391278","90.52471627016948","92.66296645117632","94.34668364653822","93.94094562478748","94.11060579737368","92.83636729390772",""
"IMF.STA:CPI(5.0.0)","USA.CPI.CP03.YOY_PCH_PA_PT.A","OBS_VALUE","United States","Consumer price index (CPI)","Clothing and footwear","Period average, Year-over-year (YOY) percent change","Annual","Units","0.3951694145837481","-0.9987355791187303","-0.02269052954021331","-0.3733105486514277","0.3271378702705169","-0.9156038327136696","-4.453169100115386","2.39402367041304","5.415234270046053","2.684160780062512","0.9523741332289677",""
"IMF.STA:CPI(5.0.0)","USA.CPI.CP07.IX.A","OBS_VALUE","United States","Consumer price index (CPI)","Transport","Index","Annual","Units","111.5881091998778","100.405514111359","96.7567126298246","99.29647291695902","103.279977178939","102.8036517366662","98.43362033936238","113.9904661531928","132.9237833430102","129.7482803945255","125.6954323939825",""
"IMF.STA:CPI(5.0.0)","USA.CPI.CP04.YOY_PCH_PA_PT.A","OBS_VALUE","United States","Consumer price index (CPI)","Housing, water, electricity, gas and other fuels","Period average, Year-over-year (YOY) percent change","Annual","Units","2.969429592195154","2.331401475237076","2.847277242168855","3.457183212675761","3.16282927980157","3.04095219852127","2.58817325832327","3.020479426523716","6.895679967255103","6.943748392824625","5.105298537456999",""
"IMF.STA:CPI(5.0.0)","USA.CPI.CP05.YOY_PCH_PA_PT.A","OBS_VALUE","United States","Consumer price index (CPI)","Furnishings, household equipment and routine household maintenance","Period average, Year-over-year (YOY) percent change","Annual","Units","-1.445850659171736","-0.7351200905226436","-1.164766671749791","-0.9007695796124692","0.548453774963675","1.748028303121576","1.747593223189165","4.405128353448102","9.159811720829579","2.631796469185859","-0.5900517778912794",""
"IMF.STA:CPI(5.0.0)","USA.CPI.CP04.POP_PCH_PA_PT.A","OBS_VALUE","United States","Consumer price index (CPI)","Housing, water, electricity, gas and other fuels","Period average, Period-over-period percent change","Annual","Units","2.969429592195154","2.331401475237076","2.847277242168855","3.457183212675761","3.16282927980157","3.04095219852127","2.58817325832327","3.020479426523716","6.895679967255103","6.943748392824625","5.105298537456999",""
"IMF.STA:CPI(5.0.0)","USA.CPI.CP01.POP_PCH_PA_PT.A","OBS_VALUE","United States","Consumer price index (CPI)","Food and non-alcoholic beverages","Period average, Period-over-period percent change","Annual","Units","2.407605049911218","1.167710534044164","-1.325348967551435","-0.2021815396274888","0.4555646829991004","0.8851312740151962","3.505030207025687","3.469165181772155","11.43888507698044","4.944268537209466","1.166139683295299",""
"IMF.STA:CPI(5.0.0)","USA.CPI.CP06.POP_PCH_PA_PT.A","OBS_VALUE","United States","Consumer price index (CPI)","Health","Period average, Period-over-period percent change","Annual","Units","2.741212542222612","2.819939808660096","3.449845914656147","2.662488229935713","2.091152374486448","1.161040825180246","2.306857292042583","2.066313456733007","2.918463912413547","2.738464954929739","3.472174461537891",""
"IMF.STA:CPI(5.0.0)","USA.CPI.CP06.YOY_PCH_PA_PT.A","OBS_VALUE","United States","Consumer price index (CPI)","Health","Period average, Year-over-year (YOY) percent change","Annual","Units","2.741212542222612","2.819939808660096","3.449845914656147","2.662488229935713","2.091152374486448","1.161040825180246","2.306857292042583","2.066313456733007","2.918463912413547","2.738464954929739","3.472174461537891",""
"IMF.STA:CPI(5.0.0)","USA.CPI.CP05.IX.A","OBS_VALUE","United States","Consumer price index (CPI)","Furnishings, household equipment and routine household maintenance","Index","Annual","Units","97.9357471296377","97.21580177668428","96.08346451791512","95.2179738985","95.74020047079025","97.413766272485","99.11616265031628","103.4823568340751","112.9611458843534","115.9340533332897","115.2499823904152",""
"IMF.STA:CPI(5.0.0)","USA.CPI.CP06.IX.A","OBS_VALUE","United States","Consumer price index (CPI)","Health","Index","Annual","Units","111.9072023336324","115.0629180809963","119.0324114596977","122.2016354046208","124.7570578050458","126.2055381784561","129.1169198388874","131.7848801284375","135.6309742970034","139.3451809961566","144.1834887840889",""
"IMF.STA:CPI(5.0.0)","USA.CPI.CP02.YOY_PCH_PA_PT.A","OBS_VALUE","United States","Consumer price index (CPI)","Alcoholic beverages, tobacco and narcotics","Period average, Year-over-year (YOY) percent change","Annual","Units","1.989850449828675","1.719485689106314","2.28382623029555","3.515364452181564","2.611499177513792","3.250865767572579","3.413117618302426","4.461650241362145","5.271148759782852","4.782608142687734","4.474799439967365",""
"IMF.STA:CPI(5.0.0)","USA.CPI.CP05.POP_PCH_PA_PT.A","OBS_VALUE","United States","Consumer price index (CPI)","Furnishings, household equipment and routine household maintenance","Period average, Period-over-period percent change","Annual","Units","-1.445850659171736","-0.7351200905226436","-1.164766671749791","-0.9007695796124692","0.548453774963675","1.748028303121576","1.747593223189165","4.405128353448102","9.159811720829579","2.631796469185859","-0.5900517778912794",""
"IMF.STA:CPI(5.0.0)","USA.CPI.CP12.IX.A","OBS_VALUE","United States","Consumer price index (CPI)","Miscellaneous goods and services","Index","Annual","Units","110.5480288784083","113.3927214103849","117.7987632642324","121.9820543140559","126.4116729796084","130.2611564289596","133.0257424192358","134.6300579771096","143.933977644813","152.7023668752168","165.4175507971056",""
"IMF.STA:CPI(5.0.0)","USA.CPI.CP02.POP_PCH_PA_PT.A","OBS_VALUE","United States","Consumer price index (CPI)","Alcoholic beverages, tobacco and narcotics","Period average, Period-over-period percent change","Annual","Units","1.989850449828675","1.719485689106314","2.28382623029555","3.515364452181564","2.611499177513792","3.250865767572579","3.413117618302426","4.461650241362145","5.271148759782852","4.782608142687734","4.474799439967365",""
"IMF.STA:CPI(5.0.0)","USA.CPI.CP04.IX.A","OBS_VALUE","United States","Consumer price index (CPI)","Housing, water, electricity, gas and other fuels","Index","Annual","Units","108.8686605981794","111.4068261574362","114.5788873648395","118.5400894240874","122.2893100806954","126.0080695441508","129.2693767034219","133.1739316315442","142.3571797566666","152.2421041380906","160.0145180540463",""
"IMF.STA:CPI(5.0.0)","USA.CPI.CP01.IX.A","OBS_VALUE","United States","Consumer price index (CPI)","Food and non-alcoholic beverages","Index","Annual","Units","110.9639316738487","112.2596691929938","110.7718368263678","110.5478766211986","111.0514937048902","112.0344452059332","115.9612863526748","119.9841749231569","133.70902680318","140.3199601468186","141.9562868856748",""
"IMF.STA:CPI(5.0.0)","USA.CPI._T.IX.A","OBS_VALUE","United States","Consumer price index (CPI)","All Items","Index","Annual","Units","108.5669321189636","108.6957219606935","110.0670089342698","112.4115573023076","115.1573032247906","117.2441954762282","118.6905015771978","124.2664138258379","134.2112061684602","139.7357935632595","143.8573360146079",""
"IMF.STA:CPI(5.0.0)","USA.CPI.CP12.POP_PCH_PA_PT.A","OBS_VALUE","United States","Consumer price index (CPI)","Miscellaneous goods and services","Period average, Period-over-period percent change","Annual","Units","2.126008089948179","2.573263911476409","3.885647860854656","3.551218140075063","3.631369130862455","3.04519619004818","2.122341046299493","1.206018871759225","6.910729897542861","6.091952278315842","8.326775925011835",""
"IMF.STA:CPI(5.0.0)","USA.CPI._T.YOY_PCH_PA_PT.A","OBS_VALUE","United States","Consumer price index (CPI)","All Items","Period average, Year-over-year (YOY) percent change","Annual","Units","1.622222977408174","0.1186271355524506","1.261583205705358","2.130110003659612","2.442583296928166","1.812210075260205","1.233584396306293","4.697858863637421","8.00279982052121","4.116338383744878","2.949525204852073",""
"IMF.STA:CPI(5.0.0)","USA.CPI.CP11.YOY_PCH_PA_PT.A","OBS_VALUE","United States","Consumer price index (CPI)","Restaurants and hotels","Period average, Year-over-year (YOY) percent change","Annual","Units","2.685881648139534","2.822091854924988","2.630210221380225","2.104084697817114","2.413655143992077","2.960447812157398","1.504988456905377","5.043776906057326","8.21585472875348","5.433435546987245","3.92242041368117",""
"IMF.STA:CPI(5.0.0)","USA.CPI.CP11.IX.A","OBS_VALUE","United States","Consumer price index (CPI)","Restaurants and hotels","Index","Annual","Units","108.1290413023289","111.1805421697304","114.1048241540646","116.5056862985614","119.3177317889499","122.8500709692117","124.6989503565984","130.9884872167804","141.7503110379029","149.4522228258013","155.3143673226208",""
"IMF.STA:CPI(5.0.0)","USA.CPI.CP09.POP_PCH_PA_PT.A","OBS_VALUE","United States","Consumer price index (CPI)","Recreation and culture","Period average, Period-over-period percent change","Annual","Units","-0.1050362648905071","0.02375352150114021","0.3683412520612804","0.8242371897011442","0.03175470597359376","0.7961584901698851","1.110668044693644","2.602582944453558","4.633376059190758","3.602402051189766","0.7846380845076272",""
"IMF.STA:CPI(5.0.0)","USA.CPI.CP11.POP_PCH_PA_PT.A","OBS_VALUE","United States","Consumer price index (CPI)","Restaurants and hotels","Period average, Period-over-period percent change","Annual","Units","2.685881648139534","2.822091854924988","2.630210221380225","2.104084697817114","2.413655143992077","2.960447812157398","1.504988456905377","5.043776906057326","8.21585472875348","5.433435546987245","3.92242041368117",""
"IMF.STA:CPI(5.0.0)","USA.CPI.CP09.IX.A","OBS_VALUE","United States","Consumer price index (CPI)","Recreation and culture","Index","Annual","Units","100.3885366675226","100.4123824801646","100.7822427070166","101.6129274320227","101.6451943183599","102.4544511627752","103.5923800122064","106.2884576261576","111.2132015754911","115.2195482302404","116.1236046864525",""
"IMF.STA:CPI(5.0.0)","USA.CPI.CP07.POP_PCH_PA_PT.A","OBS_VALUE","United States","Consumer price index (CPI)","Transport","Period average, Period-over-period percent change","Annual","Units","-1.519196583244568","-10.02131424996943","-3.634064835809258","2.624893113980762","4.011727853930278","-0.4611982450843656","-4.250852302890709","15.80440276421432","16.60956203510278","-2.388965216473192","-3.123623672097625",""
"IMF.STA:CPI(5.0.0)","USA.CPI.CP07.YOY_PCH_PA_PT.A","OBS_VALUE","United States","Consumer price index (CPI)","Transport","Period average, Year-over-year (YOY) percent change","Annual","Units","-1.519196583244568","-10.02131424996943","-3.634064835809258","2.624893113980762","4.011727853930278","-0.4611982450843656","-4.250852302890709","15.80440276421432","16.60956203510278","-2.388965216473192","-3.123623672097625",""
"IMF.STA:CPI(5.0.0)","USA.CPI.CP12.YOY_PCH_PA_PT.A","OBS_VALUE","United States","Consumer price index (CPI)","Miscellaneous goods and services","Period average, Year-over-year (YOY) percent change","Annual","Units","2.126008089948179","2.573263911476409","3.885647860854656","3.551218140075063","3.631369130862455","3.04519619004818","2.122341046299493","1.206018871759225","6.910729897542861","6.091952278315842","8.326775925011835",""
"IMF.STA:CPI(5.0.0)","USA.CPI.CP09.YOY_PCH_PA_PT.A","OBS_VALUE","United States","Consumer price index (CPI)","Recreation and culture","Period average, Year-over-year (YOY) percent change","Annual","Units","-0.1050362648905071","0.02375352150114021","0.3683412520612804","0.8242371897011442","0.03175470597359376","0.7961584901698851","1.110668044693644","2.602582944453558","4.633376059190758","3.602402051189766","0.7846380845076272",""
"IMF.STA:CPI(5.0.0)","USA.CPI._T.POP_PCH_PA_PT.A","OBS_VALUE","United States","Consumer price index (CPI)","All Items","Period average, Period-over-period percent change","Annual","Units","1.622222977408174","0.1186271355524506","1.261583205705358","2.130110003659612","2.442583296928166","1.812210075260205","1.233584396306293","4.697858863637421","8.00279982052121","4.116338383744878","2.949525204852073",""
"IMF.STA:CPI(5.0.0)","GBR.HICP.CP03.POP_PCH_PA_PT.A","OBS_VALUE","United Kingdom","Harmonised index of consumer prices (HICP)","Clothing and footwear","Period average, Period-over-period percent change","Annual","Units","0.4872721162731949","0.3260596940055179","0.1666666666666","2.454242928452647","0.8201380430369793","-0.9020618556700706","","","","","",""
"IMF.STA:CPI(5.0.0)","GBR.HICP.CP03.YOY_PCH_PA_PT.A","OBS_VALUE","United Kingdom","Harmonised index of consumer prices (HICP)","Clothing and footwear","Period average, Year-over-year (YOY) percent change","Annual","Units","0.4872721162731949","0.3260596940055179","0.1666666666666","2.454242928452647","0.8201380430369793","-0.9020618556700706","","","","","",""
"IMF.STA:CPI(5.0.0)","GBR.HICP.CP03.IX.A","OBS_VALUE","United Kingdom","Harmonised index of consumer prices (HICP)","Clothing and footwear","Index","Annual","Units","99.675","100","100.1666666666666","102.625","103.4666666666667","102.5333333333334","","","","","",""
"IMF.STA:CPI(5.0.0)","GBR.HICP.CP02.IX.A","OBS_VALUE","United Kingdom","Harmonised index of consumer prices (HICP)","Alcoholic beverages, tobacco and narcotics","Index","Annual","Units","97.94166666666668","99.99166666666665","101.4416666666666","105.925","110.5333333333333","114.4333333333333","","","","","",""
"IMF.STA:CPI(5.0.0)","GBR.HICP.CP02.YOY_PCH_PA_PT.A","OBS_VALUE","United Kingdom","Harmonised index of consumer prices (HICP)","Alcoholic beverages, tobacco and narcotics","Period average, Year-over-year (YOY) percent change","Annual","Units","4.480398257622899","2.093082617204087","1.450120843403567","4.419617185574701","4.35056250491697","3.528347406513873","","","","","",""
"IMF.STA:CPI(5.0.0)","GBR.HICP.CP01.POP_PCH_PA_PT.A","OBS_VALUE","United Kingdom","Harmonised index of consumer prices (HICP)","Food and non-alcoholic beverages","Period average, Period-over-period percent change","Annual","Units","-0.1944264419960144","-2.589285714285681","-2.366469460878312","2.184859605701125","2.079679278376326","1.341842578955916","","","","","",""
"IMF.STA:CPI(5.0.0)","GBR.HICP.CP05.YOY_PCH_PA_PT.A","OBS_VALUE","United Kingdom","Harmonised index of consumer prices (HICP)","Furnishings, household equipment and routine household maintenance","Period average, Year-over-year (YOY) percent change","Annual","Units","0.8406186953597813","0.03334444814936979","-0.09166666666668","2.594044540829107","1.666666666666732","0.8956417433026464","","","","","",""
"IMF.STA:CPI(5.0.0)","GBR.HICP.CP10.POP_PCH_PA_PT.A","OBS_VALUE","United Kingdom","Harmonised index of consumer prices (HICP)","Education","Period average, Period-over-period percent change","Annual","Units","10.20326823435635","8.47197106690776","4.74285237976164","3.827789272640425","2.889553153981789","3.046781883194248","","","","","",""
"IMF.STA:CPI(5.0.0)","GBR.HICP.CP05.POP_PCH_PA_PT.A","OBS_VALUE","United Kingdom","Harmonised index of consumer prices (HICP)","Furnishings, household equipment and routine household maintenance","Period average, Period-over-period percent change","Annual","Units","0.8406186953597813","0.03334444814936979","-0.09166666666668","2.594044540829107","1.666666666666732","0.8956417433026464","","","","","",""
"IMF.STA:CPI(5.0.0)","GBR.HICP.CP08.POP_PCH_PA_PT.A","OBS_VALUE","United Kingdom","Harmonised index of consumer prices (HICP)","Communication","Period average, Period-over-period percent change","Annual","Units","1.27470271195139","1.351579658726123","2.733788964827518","1.760506246957617","1.028462090408993","3.89046717171714","","","","","",""
"IMF.STA:CPI(5.0.0)","GBR.HICP.CP10.YOY_PCH_PA_PT.A","OBS_VALUE","United Kingdom","Harmonised index of consumer prices (HICP)","Education","Period average, Year-over-year (YOY) percent change","Annual","Units","10.20326823435635","8.47197106690776","4.74285237976164","3.827789272640425","2.889553153981789","3.046781883194248","","","","","",""
"IMF.STA:CPI(5.0.0)","GBR.HICP.CP02.POP_PCH_PA_PT.A","OBS_VALUE","United Kingdom","Harmonised index of consumer prices (HICP)","Alcoholic beverages, tobacco and narcotics","Period average, Period-over-period percent change","Annual","Units","4.480398257622899","2.093082617204087","1.450120843403567","4.419617185574701","4.35056250491697","3.528347406513873","","","","","",""
"IMF.STA:CPI(5.0.0)","GBR.HICP.CP01.IX.A","OBS_VALUE","United Kingdom","Harmonised index of consumer prices (HICP)","Food and non-alcoholic beverages","Index","Annual","Units","102.6666666666667","100.0083333333334","97.64166666666668","99.77500000000002","101.85","103.2166666666666","","","","","",""
"IMF.STA:CPI(5.0.0)","GBR.HICP.CP01.YOY_PCH_PA_PT.A","OBS_VALUE","United Kingdom","Harmonised index of consumer prices (HICP)","Food and non-alcoholic beverages","Period average, Year-over-year (YOY) percent change","Annual","Units","-0.1944264419960144","-2.589285714285681","-2.366469460878312","2.184859605701125","2.079679278376326","1.341842578955916","","","","","",""
"IMF.STA:CPI(5.0.0)","GBR.HICP.CP06.YOY_PCH_PA_PT.A","OBS_VALUE","United Kingdom","Harmonised index of consumer prices (HICP)","Health","Period average, Year-over-year (YOY) percent change","Annual","Units","2.74869109947644","1.910828025477707","2.1083333333334","2.611605321145775","2.521275749622238","2.536850271528316","","","","","",""
"IMF.STA:CPI(5.0.0)","GBR.HICP.CP06.POP_PCH_PA_PT.A","OBS_VALUE","United Kingdom","Harmonised index of consumer prices (HICP)","Health","Period average, Period-over-period percent change","Annual","Units","2.74869109947644","1.910828025477707","2.1083333333334","2.611605321145775","2.521275749622238","2.536850271528316","","","","","",""
"IMF.STA:CPI(5.0.0)","GBR.HICP.CP09.POP_PCH_PA_PT.A","OBS_VALUE","United Kingdom","Harmonised index of consumer prices (HICP)","Recreation and culture","Period average, Period-over-period percent change","Annual","Units","0.8692018386961804","-0.5634269616372856","0.391634030497492","1.93393094289512","3.02906929403143","1.904686635580463","","","","","",""
"IMF.STA:CPI(5.0.0)","GBR.HICP.CP09.YOY_PCH_PA_PT.A","OBS_VALUE","United Kingdom","Harmonised index of consumer prices (HICP)","Recreation and culture","Period average, Year-over-year (YOY) percent change","Annual","Units","0.8692018386961804","-0.5634269616372856","0.391634030497492","1.93393094289512","3.02906929403143","1.904686635580463","","","","","",""
"IMF.STA:CPI(5.0.0)","GBR.HICP.CP11.IX.A","OBS_VALUE","United Kingdom","Harmonised index of consumer prices (HICP)","Restaurants and hotels","Index","Annual","Units","98.14166666666665","100.0083333333334","102.4083333333333","105.6333333333334","108.4166666666667","111.3","","","","","",""
"IMF.STA:CPI(5.0.0)","GBR.HICP.CP09.IX.A","OBS_VALUE","United Kingdom","Harmonised index of consumer prices (HICP)","Recreation and culture","Index","Annual","Units","100.575","100.0083333333333","100.4","102.3416666666667","105.4416666666667","107.45","","","","","",""
"IMF.STA:CPI(5.0.0)","GBR.HICP.CP04.IX.A","OBS_VALUE","United Kingdom","Harmonised index of consumer prices (HICP)","Housing, water, electricity, gas and other fuels","Index","Annual","Units","99.53333333333332","100.0083333333333","100.1833333333334","101.9916666666667","104.375","106.175","","","","","",""
"IMF.STA:CPI(5.0.0)","GBR.HICP.CP12.IX.A","OBS_VALUE","United Kingdom","Harmonised index of consumer prices (HICP)","Miscellaneous goods and services","Index","Annual","Units","99.68333333333332","100","101.1083333333334","102.4833333333333","102.45","103.7416666666667","","","","","",""
"IMF.STA:CPI(5.0.0)","GBR.HICP.CP04.YOY_PCH_PA_PT.A","OBS_VALUE","United Kingdom","Harmonised index of consumer prices (HICP)","Housing, water, electricity, gas and other fuels","Period average, Year-over-year (YOY) percent change","Annual","Units","3.018802829049512","0.4772270596115004","0.1749854178819432","1.805024122442155","2.336792221586697","1.724550898203593","","","","","",""
"IMF.STA:CPI(5.0.0)","GBR.HICP.CP08.YOY_PCH_PA_PT.A","OBS_VALUE","United Kingdom","Harmonised index of consumer prices (HICP)","Communication","Period average, Year-over-year (YOY) percent change","Annual","Units","1.27470271195139","1.351579658726123","2.733788964827518","1.760506246957617","1.028462090408993","3.89046717171714","","","","","",""
"IMF.STA:CPI(5.0.0)","GBR.HICP.CP10.IX.A","OBS_VALUE","United Kingdom","Harmonised index of consumer prices (HICP)","Education","Index","Annual","Units","92.16666666666668","99.975","104.7166666666667","108.725","111.8666666666667","115.275","","","","","",""
"IMF.STA:CPI(5.0.0)","GBR.HICP.CP08.IX.A","OBS_VALUE","United Kingdom","Harmonised index of consumer prices (HICP)","Communication","Index","Annual","Units","98.65","99.98333333333332","102.7166666666667","104.525","105.6","109.7083333333333","","","","","",""
"IMF.STA:CPI(5.0.0)","GBR.HICP.CP05.IX.A","OBS_VALUE","United Kingdom","Harmonised index of consumer prices (HICP)","Furnishings, household equipment and routine household maintenance","Index","Annual","Units","99.96666666666668","100","99.90833333333332","102.5","104.2083333333334","105.1416666666667","","","","","",""
"IMF.STA:CPI(5.0.0)","GBR.HICP._T.POP_PCH_PA_PT.A","OBS_VALUE","United Kingdom","Harmonised index of consumer prices (HICP)","All Items","Period average, Period-over-period percent change","Annual","Units","1.471956687251502","0.05002084201758733","0.6416131989000246","2.690842854777347","2.475207611061806","1.77812745869391","","","","","",""
"IMF.STA:CPI(5.0.0)","GBR.HICP.CP12.YOY_PCH_PA_PT.A","OBS_VALUE","United Kingdom","Harmonised index of consumer prices (HICP)","Miscellaneous goods and services","Period average, Year-over-year (YOY) percent change","Annual","Units","-0.0167168171180341","0.3176726299949975","1.1083333333334","1.359927470534805","-0.03252561392093024","1.260777615096828","","","","","",""
"IMF.STA:CPI(5.0.0)","GBR.HICP.CP04.POP_PCH_PA_PT.A","OBS_VALUE","United Kingdom","Harmonised index of consumer prices (HICP)","Housing, water, electricity, gas and other fuels","Period average, Period-over-period percent change","Annual","Units","3.018802829049512","0.4772270596115004","0.1749854178819432","1.805024122442155","2.336792221586697","1.724550898203593","","","","","",""
"IMF.STA:CPI(5.0.0)","GBR.HICP.CP06.IX.A","OBS_VALUE","United Kingdom","Harmonised index of consumer prices (HICP)","Health","Index","Annual","Units","98.125","100","102.1083333333334","104.775","107.4166666666667","110.1416666666667","","","","","",""
"IMF.STA:CPI(5.0.0)","GBR.HICP.CP07.POP_PCH_PA_PT.A","OBS_VALUE","United Kingdom","Harmonised index of consumer prices (HICP)","Transport","Period average, Period-over-period percent change","Annual","Units","0.2944544413544905","-2.152992986462222","0.5667611268544892","4.533399635338936","4.416078649012956","2.08048595292328","","","","","",""
"IMF.STA:CPI(5.0.0)","GBR.HICP.CP11.POP_PCH_PA_PT.A","OBS_VALUE","United Kingdom","Harmonised index of consumer prices (HICP)","Restaurants and hotels","Period average, Period-over-period percent change","Annual","Units","2.444328462073747","1.902012397045173","2.399800016665176","3.149157783383612","2.634900599558187","2.659492697924642","","","","","",""
"IMF.STA:CPI(5.0.0)","GBR.HICP.CP12.POP_PCH_PA_PT.A","OBS_VALUE","United Kingdom","Harmonised index of consumer prices (HICP)","Miscellaneous goods and services","Period average, Period-over-period percent change","Annual","Units","-0.0167168171180341","0.3176726299949975","1.1083333333334","1.359927470534805","-0.03252561392093024","1.260777615096828","","","","","",""
"IMF.STA:CPI(5.0.0)","GBR.HICP.CP11.YOY_PCH_PA_PT.A","OBS_VALUE","United Kingdom","Harmonised index of consumer prices (HICP)","Restaurants and hotels","Period average, Year-over-year (YOY) percent change","Annual","Units","2.444328462073747","1.902012397045173","2.399800016665176","3.149157783383612","2.634900599558187","2.659492697924642","","","","","",""
"IMF.STA:CPI(5.0.0)","GBR.HICP.CP07.IX.A","OBS_VALUE","United Kingdom","Harmonised index of consumer prices (HICP)","Transport","Index","Annual","Units","102.1833333333333","99.98333333333332","100.55","105.1083333333333","109.75","112.0333333333333","","","","","",""
"IMF.STA:CPI(5.0.0)","GBR.HICP._T.YOY_PCH_PA_PT.A","OBS_VALUE","United Kingdom","Harmonised index of consumer prices (HICP)","All Items","Period average, Year-over-year (YOY) percent change","Annual","Units","1.471956687251502","0.05002084201758733","0.6416131989000246","2.690842854777347","2.475207611061806","1.77812745869391","","","","","",""
"IMF.STA:CPI(5.0.0)","GBR.HICP.CP07.YOY_PCH_PA_PT.A","OBS_VALUE","United Kingdom","Harmonised index of consumer prices (HICP)","Transport","Period average, Year-over-year (YOY) percent change","Annual","Units","0.2944544413544905","-2.152992986462222","0.5667611268544892","4.533399635338936","4.416078649012956","2.08048595292328","","","","","",""
"IMF.STA:CPI(5.0.0)","GBR.HICP._T.IX.A","OBS_VALUE","United Kingdom","Harmonised index of consumer prices (HICP)","All Items","Index","Annual","Units","99.95833333333332","100.0083333333334","100.65","103.3583333333334","105.9166666666667","107.8","","","","","",""
"IMF.STA:CPI(5.0.0)","CAN.CPI.CP02.POP_PCH_PA_PT.A","OBS_VALUE","Canada","Consumer price index (CPI)","Alcoholic beverages, tobacco and narcotics","Period average, Period-over-period percent change","Annual","Units","","","3.415908654998671","2.979322240782792","4.569460390355913","2.034841165275977","0.1387087517933716","2.354438635190041","3.653415453527438","4.935854152599706","2.985650859018028",""
"IMF.STA:CPI(5.0.0)","CAN.CPI.CP10.YOY_PCH_PA_PT.A","OBS_VALUE","Canada","Consumer price index (CPI)","Education","Period average, Year-over-year (YOY) percent change","Annual","Units","","","2.856176382021057","2.477973895236507","2.763858440338272","1.394285714285714","-1.681642620979892","2.107831219729251","2.155688622754492","2.784290738569784","2.309666381522669",""
"IMF.STA:CPI(5.0.0)","CAN.CPI.CP08.POP_PCH_PA_PT.A","OBS_VALUE","Canada","Consumer price index (CPI)","Communication","Period average, Period-over-period percent change","Annual","Units","","","-0.03905235950184507","-0.7223704646305705","-0.1916027990670309","-2.529004256739868","-5.722109950333945","-7.409526736793459","-2.687855601334102","-6.350806451612902","-9.289558665231447",""
"IMF.STA:CPI(5.0.0)","CAN.CPI.CP03.POP_PCH_PA_PT.A","OBS_VALUE","Canada","Consumer price index (CPI)","Clothing and footwear","Period average, Period-over-period percent change","Annual","Units","","","-0.439982589213938","-0.6999046515690166","0.9266032674957327","1.47378593863252","-1.871095238095238","-0.8592682026120162","1.207374775656681","1.015637594712236","-3.455154803702491",""
"IMF.STA:CPI(5.0.0)","CAN.CPI.CP08.YOY_PCH_PA_PT.A","OBS_VALUE","Canada","Consumer price index (CPI)","Communication","Period average, Year-over-year (YOY) percent change","Annual","Units","","","-0.03905235950184507","-0.7223704646305705","-0.1916027990670309","-2.529004256739868","-5.722109950333945","-7.409526736793459","-2.687855601334102","-6.350806451612902","-9.289558665231447",""
"IMF.STA:CPI(5.0.0)","CAN.CPI.CP03.YOY_PCH_PA_PT.A","OBS_VALUE","Canada","Consumer price index (CPI)","Clothing and footwear","Period average, Year-over-year (YOY) percent change","Annual","Units","","","-0.439982589213938","-0.6999046515690166","0.9266032674957327","1.47378593863252","-1.871095238095238","-0.8592682026120162","1.207374775656681","1.015637594712236","-3.455154803702491",""
"IMF.STA:CPI(5.0.0)","CAN.CPI.CP04.YOY_PCH_PA_PT.A","OBS_VALUE","Canada","Consumer price index (CPI)","Housing, water, electricity, gas and other fuels","Period average, Year-over-year (YOY) percent change","Annual","Units","","","1.425732889639595","1.56459280364302","1.895467010808261","2.469722156257421","1.490359212050985","3.418141994547542","6.513579156546699","6.267274737423964","5.956174003511257",""
"IMF.STA:CPI(5.0.0)","CAN.CPI.CP06.POP_PCH_PA_PT.A","OBS_VALUE","Canada","Consumer price index (CPI)","Health","Period average, Period-over-period percent change","Annual","Units","","","1.289877536780601","1.882786715026769","0.8412787436903127","1.152073732718863","1.466624774173404","2.022679551090857","2.761969800440155","4.541091338698956","2.973583839525327",""
"IMF.STA:CPI(5.0.0)","CAN.CPI.CP01.YOY_PCH_PA_PT.A","OBS_VALUE","Canada","Consumer price index (CPI)","Food and non-alcoholic beverages","Period average, Year-over-year (YOY) percent change","Annual","Units","2.513227513227513","4.104454685099797","1.015168506167787","-1.010809231668151","0.8086412466060916","3.677030271093132","2.400180719489491","2.19501433928961","9.762547220723221","7.842076798269294","2.233974651226443",""
"IMF.STA:CPI(5.0.0)","CAN.CPI.CP02.YOY_PCH_PA_PT.A","OBS_VALUE","Canada","Consumer price index (CPI)","Alcoholic beverages, tobacco and narcotics","Period average, Year-over-year (YOY) percent change","Annual","Units","","","3.415908654998671","2.979322240782792","4.569460390355913","2.034841165275977","0.1387087517933716","2.354438635190041","3.653415453527438","4.935854152599706","2.985650859018028",""
"IMF.STA:CPI(5.0.0)","CAN.CPI.CP10.POP_PCH_PA_PT.A","OBS_VALUE","Canada","Consumer price index (CPI)","Education","Period average, Period-over-period percent change","Annual","Units","","","2.856176382021057","2.477973895236507","2.763858440338272","1.394285714285714","-1.681642620979892","2.107831219729251","2.155688622754492","2.784290738569784","2.309666381522669",""
"IMF.STA:CPI(5.0.0)","CAN.CPI.CP01.POP_PCH_PA_PT.A","OBS_VALUE","Canada","Consumer price index (CPI)","Food and non-alcoholic beverages","Period average, Period-over-period percent change","Annual","Units","2.513227513227513","4.104454685099797","1.015168506167787","-1.010809231668151","0.8086412466060916","3.677030271093132","2.400180719489491","2.19501433928961","9.762547220723221","7.842076798269294","2.233974651226443",""
"IMF.STA:CPI(5.0.0)","CAN.CPI.CP11.YOY_PCH_PA_PT.A","OBS_VALUE","Canada","Consumer price index (CPI)","Restaurants and hotels","Period average, Year-over-year (YOY) percent change","Annual","Units","","","2.534288778473595","2.699770758880633","2.654867256637167","1.211355529131955","-0.6380057272927232","2.349153236265415","8.469314079422294","6.316980629701182","3.03656398697716",""
"IMF.STA:CPI(5.0.0)","CAN.CPI.CP11.POP_PCH_PA_PT.A","OBS_VALUE","Canada","Consumer price index (CPI)","Restaurants and hotels","Period average, Period-over-period percent change","Annual","Units","","","2.534288778473595","2.699770758880633","2.654867256637167","1.211355529131955","-0.6380057272927232","2.349153236265415","8.469314079422294","6.316980629701182","3.03656398697716",""
"IMF.STA:CPI(5.0.0)","CAN.CPI.CP09.POP_PCH_PA_PT.A","OBS_VALUE","Canada","Consumer price index (CPI)","Recreation and culture","Period average, Period-over-period percent change","Annual","Units","","","1.546070811527881","2.018367481304094","1.511097119471116","2.636067607381052","2.309623810243238","2.822350209114906","4.164871463449634","3.47442437612031","0.7928047968020782",""
"IMF.STA:CPI(5.0.0)","CAN.CPI.CP12.POP_PCH_PA_PT.A","OBS_VALUE","Canada","Consumer price index (CPI)","Miscellaneous goods and services","Period average, Period-over-period percent change","Annual","Units","","","1.676717077382144","1.722806442073095","2.063000872807998","3.630568296664979","3.706354088522068","2.553107239068849","4.965789659307271","3.514548753443963","3.998961308751028",""
"IMF.STA:CPI(5.0.0)","CAN.CPI.CP12.YOY_PCH_PA_PT.A","OBS_VALUE","Canada","Consumer price index (CPI)","Miscellaneous goods and services","Period average, Year-over-year (YOY) percent change","Annual","Units","","","1.676717077382144","1.722806442073095","2.063000872807998","3.630568296664979","3.706354088522068","2.553107239068849","4.965789659307271","3.514548753443963","3.998961308751028",""
"IMF.STA:CPI(5.0.0)","CAN.CPI.CP05.POP_PCH_PA_PT.A","OBS_VALUE","Canada","Consumer price index (CPI)","Furnishings, household equipment and routine household maintenance","Period average, Period-over-period percent change","Annual","Units","","","2.320807006815564","0.1058302636924063","1.122969098438993","1.212884933448814","1.927678779861458","3.941406210039022","6.845391112743329","0.8524094314978759","-0.4226024129234",""
"IMF.STA:CPI(5.0.0)","CAN.CPI.CP05.YOY_PCH_PA_PT.A","OBS_VALUE","Canada","Consumer price index (CPI)","Furnishings, household equipment and routine household maintenance","Period average, Year-over-year (YOY) percent change","Annual","Units","","","2.320807006815564","0.1058302636924063","1.122969098438993","1.212884933448814","1.927678779861458","3.941406210039022","6.845391112743329","0.8524094314978759","-0.4226024129234",""
"IMF.STA:CPI(5.0.0)","CAN.CPI.CP06.YOY_PCH_PA_PT.A","OBS_VALUE","Canada","Consumer price index (CPI)","Health","Period average, Year-over-year (YOY) percent change","Annual","Units","","","1.289877536780601","1.882786715026769","0.8412787436903127","1.152073732718863","1.466624774173404","2.022679551090857","2.761969800440155","4.541091338698956","2.973583839525327",""
"IMF.STA:CPI(5.0.0)","CAN.CPI.CP04.POP_PCH_PA_PT.A","OBS_VALUE","Canada","Consumer price index (CPI)","Housing, water, electricity, gas and other fuels","Period average, Period-over-period percent change","Annual","Units","","","1.425732889639595","1.56459280364302","1.895467010808261","2.469722156257421","1.490359212050985","3.418141994547542","6.513579156546699","6.267274737423964","5.956174003511257",""
"IMF.STA:CPI(5.0.0)","CAN.CPI.CP07.YOY_PCH_PA_PT.A","OBS_VALUE","Canada","Consumer price index (CPI)","Transport","Period average, Year-over-year (YOY) percent change","Annual","Units","","","1.338013350215714","4.278233392487561","5.146144278606996","1.042436788407422","-1.540769737323364","8.959119373699826","11.74464602373474","0.2197265625000733","0.4993909866016076",""
"IMF.STA:CPI(5.0.0)","CAN.CPI.CP09.YOY_PCH_PA_PT.A","OBS_VALUE","Canada","Consumer price index (CPI)","Recreation and culture","Period average, Year-over-year (YOY) percent change","Annual","Units","","","1.546070811527881","2.018367481304094","1.511097119471116","2.636067607381052","2.309623810243238","2.822350209114906","4.164871463449634","3.47442437612031","0.7928047968020782",""
"IMF.STA:CPI(5.0.0)","CAN.CPI.CP07.POP_PCH_PA_PT.A","OBS_VALUE","Canada","Consumer price index (CPI)","Transport","Period average, Period-over-period percent change","Annual","Units","","","1.338013350215714","4.278233392487561","5.146144278606996","1.042436788407422","-1.540769737323364","8.959119373699826","11.74464602373474","0.2197265625000733","0.4993909866016076",""
"IMF.STA:CPI(5.0.0)","BRA.CPI.CP08.POP_PCH_PA_PT.A","OBS_VALUE","Brazil","Consumer price index (CPI)","Communication","Period average, Period-over-period percent change","Annual","Units","0.07732034434324335","-0.1689445707493465","2.573385529991605","1.858514695219261","0.4302880350039404","","","","","","",""
"IMF.STA:CPI(5.0.0)","BRA.CPI.CP02.POP_PCH_PA_PT.A","OBS_VALUE","Brazil","Consumer price index (CPI)","Alcoholic beverages, tobacco and narcotics","Period average, Period-over-period percent change","Annual","Units","9.969669964850874","8.239023328188237","11.35496733871756","5.539231500392775","2.377393062370678","","","","","","",""
"IMF.STA:CPI(5.0.0)","BRA.CPI.CP05.POP_PCH_PA_PT.A","OBS_VALUE","Brazil","Consumer price index (CPI)","Furnishings, household equipment and routine household maintenance","Period average, Period-over-period percent change","Annual","Units","7.095611777940075","4.632508799748364","5.562934346797474","-0.3576990767053921","0.6217637167975614","","","","","","",""
"IMF.STA:CPI(5.0.0)","BRA.CPI.CP12.YOY_PCH_PA_PT.A","OBS_VALUE","Brazil","Consumer price index (CPI)","Miscellaneous goods and services","Period average, Year-over-year (YOY) percent change","Annual","Units","7.171365550266136","8.723236508240111","7.729984455374177","3.955452680535367","4.295232402199644","","","","","","",""
"IMF.STA:CPI(5.0.0)","BRA.CPI.CP04.POP_PCH_PA_PT.A","OBS_VALUE","Brazil","Consumer price index (CPI)","Housing, water, electricity, gas and other fuels","Period average, Period-over-period percent change","Annual","Units","7.7952444711579","16.75893943340124","7.223598776755598","4.233956967008847","5.826311112917094","","","","","","",""
"IMF.STA:CPI(5.0.0)","BRA.CPI.CP03.POP_PCH_PA_PT.A","OBS_VALUE","Brazil","Consumer price index (CPI)","Clothing and footwear","Period average, Period-over-period percent change","Annual","Units","4.594777330316169","3.576838381213758","5.168671777008012","2.496326595934103","1.608458538963379","","","","","","",""
"IMF.STA:CPI(5.0.0)","BRA.CPI.CP10.POP_PCH_PA_PT.A","OBS_VALUE","Brazil","Consumer price index (CPI)","Education","Period average, Period-over-period percent change","Annual","Units","8.467780143173231","8.690683351598467","9.174279269731322","7.691739123699591","5.371755622601124","","","","","","",""
"IMF.STA:CPI(5.0.0)","BRA.CPI.CP10.YOY_PCH_PA_PT.A","OBS_VALUE","Brazil","Consumer price index (CPI)","Education","Period average, Year-over-year (YOY) percent change","Annual","Units","8.467780143173231","8.690683351598467","9.174279269731322","7.691739123699591","5.371755622601124","","","","","","",""
"IMF.STA:CPI(5.0.0)","BRA.CPI.CP03.YOY_PCH_PA_PT.A","OBS_VALUE","Brazil","Consumer price index (CPI)","Clothing and footwear","Period average, Year-over-year (YOY) percent change","Annual","Units","4.594777330316169","3.576838381213758","5.168671777008012","2.496326595934103","1.608458538963379","","","","","","",""
"IMF.STA:CPI(5.0.0)","BRA.CPI.CP02.YOY_PCH_PA_PT.A","OBS_VALUE","Brazil","Consumer price index (CPI)","Alcoholic beverages, tobacco and narcotics","Period average, Year-over-year (YOY) percent change","Annual","Units","9.969669964850874","8.239023328188237","11.35496733871756","5.539231500392775","2.377393062370678","","","","","","",""
"IMF.STA:CPI(5.0.0)","BRA.CPI.CP08.YOY_PCH_PA_PT.A","OBS_VALUE","Brazil","Consumer price index (CPI)","Communication","Period average, Year-over-year (YOY) percent change","Annual","Units","0.07732034434324335","-0.1689445707493465","2.573385529991605","1.858514695219261","0.4302880350039404","","","","","","",""
"IMF.STA:CPI(5.0.0)","BRA.CPI.CP09.YOY_PCH_PA_PT.A","OBS_VALUE","Brazil","Consumer price index (CPI)","Recreation and culture","Period average, Year-over-year (YOY) percent change","Annual","Units","4.596360604238373","7.230949667337673","10.16485079548099","2.755354196936902","1.139535679658685","","","","","","",""
"IMF.STA:CPI(5.0.0)","BRA.CPI.CP06.YOY_PCH_PA_PT.A","OBS_VALUE","Brazil","Consumer price index (CPI)","Health","Period average, Year-over-year (YOY) percent change","Annual","Units","6.860120260193495","7.894228243311223","11.13332171689924","7.985809482280648","5.383664755076808","","","","","","",""
"IMF.STA:CPI(5.0.0)","BRA.CPI.CP11.POP_PCH_PA_PT.A","OBS_VALUE","Brazil","Consumer price index (CPI)","Restaurants and hotels","Period average, Period-over-period percent change","Annual","Units","10.45529853837591","9.788137321468412","8.468007829978248","4.78237503333712","3.170742405570264","","","","","","",""
"IMF.STA:CPI(5.0.0)","BRA.CPI.CP11.YOY_PCH_PA_PT.A","OBS_VALUE","Brazil","Consumer price index (CPI)","Restaurants and hotels","Period average, Year-over-year (YOY) percent change","Annual","Units","10.45529853837591","9.788137321468412","8.468007829978248","4.78237503333712","3.170742405570264","","","","","","",""
"IMF.STA:CPI(5.0.0)","BRA.CPI.CP04.YOY_PCH_PA_PT.A","OBS_VALUE","Brazil","Consumer price index (CPI)","Housing, water, electricity, gas and other fuels","Period average, Year-over-year (YOY) percent change","Annual","Units","7.7952444711579","16.75893943340124","7.223598776755598","4.233956967008847","5.826311112917094","","","","","","",""
"IMF.STA:CPI(5.0.0)","BRA.CPI.CP05.YOY_PCH_PA_PT.A","OBS_VALUE","Brazil","Consumer price index (CPI)","Furnishings, household equipment and routine household maintenance","Period average, Year-over-year (YOY) percent change","Annual","Units","7.095611777940075","4.632508799748364","5.562934346797474","-0.3576990767053921","0.6217637167975614","","","","","","",""
"IMF.STA:CPI(5.0.0)","BRA.CPI.CP12.POP_PCH_PA_PT.A","OBS_VALUE","Brazil","Consumer price index (CPI)","Miscellaneous goods and services","Period average, Period-over-period percent change","Annual","Units","7.171365550266136","8.723236508240111","7.729984455374177","3.955452680535367","4.295232402199644","","","","","","",""
"IMF.STA:CPI(5.0.0)","BRA.CPI.CP06.POP_PCH_PA_PT.A","OBS_VALUE","Brazil","Consumer price index (CPI)","Health","Period average, Period-over-period percent change","Annual","Units","6.860120260193495","7.894228243311223","11.13332171689924","7.985809482280648","5.383664755076808","","","","","","",""
"IMF.STA:CPI(5.0.0)","BRA.CPI.CP09.POP_PCH_PA_PT.A","OBS_VALUE","Brazil","Consumer price index (CPI)","Recreation and culture","Period average, Period-over-period percent change","Annual","Units","4.596360604238373","7.230949667337673","10.16485079548099","2.755354196936902","1.139535679658685","","","","","","",""
"IMF.STA:CPI(5.0.0)","BRA.CPI.CP07.YOY_PCH_PA_PT.A","OBS_VALUE","Brazil","Consumer price index (CPI)","Transport","Period average, Year-over-year (YOY) percent change","Annual","Units","3.431155329710797","8.058313799110689","6.871081095281809","2.82507535148074","6.286180953814878","","","","","","",""
"IMF.STA:CPI(5.0.0)","BRA.CPI.CP07.POP_PCH_PA_PT.A","OBS_VALUE","Brazil","Consumer price index (CPI)","Transport","Period average, Period-over-period percent change","Annual","Units","3.431155329710797","8.058313799110689","6.871081095281809","2.82507535148074","6.286180953814878","","","","","","",""
"IMF.STA:CPI(5.0.0)","EGY.CPI.CP04.YOY_PCH_PA_PT.A","OBS_VALUE","Egypt, Arab Republic of","Consumer price index (CPI)","Housing, water, electricity, gas and other fuels","Period average, Year-over-year (YOY) percent change","Annual","Units","3.613291030407521","7.442234560202638","5.098465400508399","9.77089387880122","14.37211469890985","9.594744474970084","4.029489823682304","4.001846263859688","5.883310688412791","7.154965390591831","11.83178432535764",""
"IMF.STA:CPI(5.0.0)","EGY.CPI.CP04.POP_PCH_PA_PT.A","OBS_VALUE","Egypt, Arab Republic of","Consumer price index (CPI)","Housing, water, electricity, gas and other fuels","Period average, Period-over-period percent change","Annual","Units","3.613291030407521","7.442234560202638","5.098465400508399","9.77089387880122","14.37211469890985","9.594744474970084","4.029489823682304","4.001846263859688","5.883310688412791","7.154965390591831","11.83178432535764",""
"IMF.STA:CPI(5.0.0)","EGY.CPI.CP01.YOY_PCH_PA_PT.A","OBS_VALUE","Egypt, Arab Republic of","Consumer price index (CPI)","Food and non-alcoholic beverages","Period average, Year-over-year (YOY) percent change","Annual","Units","12.30539554213939","10.67368782401527","16.66179494547604","38.64452391077691","13.30462092195183","7.070688573882651","-0.1826045178936316","4.571563391272535","23.59655490965039","63.79277139372145","32.94269812651869",""
"IMF.STA:CPI(5.0.0)","EGY.CPI.CP03.YOY_PCH_PA_PT.A","OBS_VALUE","Egypt, Arab Republic of","Consumer price index (CPI)","Clothing and footwear","Period average, Year-over-year (YOY) percent change","Annual","Units","2.625425599436372","7.855038615797503","11.44754972433021","24.8968506080019","17.32063488050884","7.308413302386659","2.507541313458649","2.237163941861191","9.784565926172676","19.88460455952706","24.58621903979346",""
"IMF.STA:CPI(5.0.0)","EGY.CPI.CP01.POP_PCH_PA_PT.A","OBS_VALUE","Egypt, Arab Republic of","Consumer price index (CPI)","Food and non-alcoholic beverages","Period average, Period-over-period percent change","Annual","Units","12.30539554213939","10.67368782401527","16.66179494547604","38.64452391077691","13.30462092195183","7.070688573882651","-0.1826045178936316","4.571563391272535","23.59655490965039","63.79277139372145","32.94269812651869",""
"IMF.STA:CPI(5.0.0)","EGY.CPI.CP10.POP_PCH_PA_PT.A","OBS_VALUE","Egypt, Arab Republic of","Consumer price index (CPI)","Education","Period average, Period-over-period percent change","Annual","Units","9.156768037949626","20.72982830080158","11.51354153155072","14.29926224751058","18.17526487597958","16.62793314808214","21.30585650340964","17.90416126033782","12.34360168040704","8.270247107556063","16.83377308707124",""
"IMF.STA:CPI(5.0.0)","EGY.CPI.CP07.YOY_PCH_PA_PT.A","OBS_VALUE","Egypt, Arab Republic of","Consumer price index (CPI)","Transport","Period average, Year-over-year (YOY) percent change","Annual","Units","15.42403474840816","10.99281186022531","7.226263530351521","28.86199084900564","30.64566703433291","21.25880924572815","9.930758014828086","5.046658434947074","11.85528814018533","17.31071126675526","25.07077049770964",""
"IMF.STA:CPI(5.0.0)","EGY.CPI.CP11.POP_PCH_PA_PT.A","OBS_VALUE","Egypt, Arab Republic of","Consumer price index (CPI)","Restaurants and hotels","Period average, Period-over-period percent change","Annual","Units","11.92915913917856","14.89464752796486","21.37295972388866","27.4743289809416","10.54733829328874","11.55683455259576","8.712313966498106","3.758171604511213","18.58824980997268","44.82656564460744","35.58670862794789",""
"IMF.STA:CPI(5.0.0)","EGY.CPI.CP12.YOY_PCH_PA_PT.A","OBS_VALUE","Egypt, Arab Republic of","Consumer price index (CPI)","Miscellaneous goods and services","Period average, Year-over-year (YOY) percent change","Annual","Units","2.537371896800721","3.673056834829203","12.82777323556666","28.52926152755138","16.74537319325841","7.070811259640576","4.972793510981226","6.221984467557547","10.58122147671815","27.13254593175858","21.89419354838709",""
"IMF.STA:CPI(5.0.0)","EGY.CPI.CP10.YOY_PCH_PA_PT.A","OBS_VALUE","Egypt, Arab Republic of","Consumer price index (CPI)","Education","Period average, Year-over-year (YOY) percent change","Annual","Units","9.156768037949626","20.72982830080158","11.51354153155072","14.29926224751058","18.17526487597958","16.62793314808214","21.30585650340964","17.90416126033782","12.34360168040704","8.270247107556063","16.83377308707124",""
"IMF.STA:CPI(5.0.0)","EGY.CPI.CP06.POP_PCH_PA_PT.A","OBS_VALUE","Egypt, Arab Republic of","Consumer price index (CPI)","Health","Period average, Period-over-period percent change","Annual","Units","12.61982780290045","4.398259354008215","23.78549386006345","21.22410772648662","6.557337586403638","7.746388486803264","8.743950589764481","3.646271266147961","5.834016964409508","17.4758574758575","27.00266455014451",""
"IMF.STA:CPI(5.0.0)","EGY.CPI.CP12.POP_PCH_PA_PT.A","OBS_VALUE","Egypt, Arab Republic of","Consumer price index (CPI)","Miscellaneous goods and services","Period average, Period-over-period percent change","Annual","Units","2.537371896800721","3.673056834829203","12.82777323556666","28.52926152755138","16.74537319325841","7.070811259640576","4.972793510981226","6.221984467557547","10.58122147671815","27.13254593175858","21.89419354838709",""
"IMF.STA:CPI(5.0.0)","EGY.CPI.CP03.POP_PCH_PA_PT.A","OBS_VALUE","Egypt, Arab Republic of","Consumer price index (CPI)","Clothing and footwear","Period average, Period-over-period percent change","Annual","Units","2.625425599436372","7.855038615797503","11.44754972433021","24.8968506080019","17.32063488050884","7.308413302386659","2.507541313458649","2.237163941861191","9.784565926172676","19.88460455952706","24.58621903979346",""
"IMF.STA:CPI(5.0.0)","EGY.CPI.CP09.POP_PCH_PA_PT.A","OBS_VALUE","Egypt, Arab Republic of","Consumer price index (CPI)","Recreation and culture","Period average, Period-over-period percent change","Annual","Units","13.99501025342131","12.61487730594618","13.75570464865807","35.59739873973523","16.97746243918426","11.05361711635999","6.935226923146666","9.284893988307775","24.81683822832171","26.15442439862545","45.626729091296",""
"IMF.STA:CPI(5.0.0)","EGY.CPI.CP11.YOY_PCH_PA_PT.A","OBS_VALUE","Egypt, Arab Republic of","Consumer price index (CPI)","Restaurants and hotels","Period average, Year-over-year (YOY) percent change","Annual","Units","11.92915913917856","14.89464752796486","21.37295972388866","27.4743289809416","10.54733829328874","11.55683455259576","8.712313966498106","3.758171604511213","18.58824980997268","44.82656564460744","35.58670862794789",""
"IMF.STA:CPI(5.0.0)","EGY.CPI.CP07.POP_PCH_PA_PT.A","OBS_VALUE","Egypt, Arab Republic of","Consumer price index (CPI)","Transport","Period average, Period-over-period percent change","Annual","Units","15.42403474840816","10.99281186022531","7.226263530351521","28.86199084900564","30.64566703433291","21.25880924572815","9.930758014828086","5.046658434947074","11.85528814018533","17.31071126675526","25.07077049770964",""
"IMF.STA:CPI(5.0.0)","EGY.CPI.CP06.YOY_PCH_PA_PT.A","OBS_VALUE","Egypt, Arab Republic of","Consumer price index (CPI)","Health","Period average, Year-over-year (YOY) percent change","Annual","Units","12.61982780290045","4.398259354008215","23.78549386006345","21.22410772648662","6.557337586403638","7.746388486803264","8.743950589764481","3.646271266147961","5.834016964409508","17.4758574758575","27.00266455014451",""
"IMF.STA:CPI(5.0.0)","EGY.CPI.CP08.POP_PCH_PA_PT.A","OBS_VALUE","Egypt, Arab Republic of","Consumer price index (CPI)","Communication","Period average, Period-over-period percent change","Annual","Units","1.540796571761871","-0.126284106964061","0.612909973319178","4.786704692874053","7.172249279301481","0.7216462752027299","3.384923073604593","0.4927744754392106","0.7909389419230832","1.50150150150147","14.79289940828409",""
"IMF.STA:CPI(5.0.0)","EGY.CPI.CP02.POP_PCH_PA_PT.A","OBS_VALUE","Egypt, Arab Republic of","Consumer price index (CPI)","Alcoholic beverages, tobacco and narcotics","Period average, Period-over-period percent change","Annual","Units","17.30281825249058","22.31076069000165","9.300037697204446","32.05964543941566","20.47592265581627","5.983459903030218","9.279311556093007","5.299500980057399","7.932833732723512","43.91200319021665","54.81457534752696",""
"IMF.STA:CPI(5.0.0)","EGY.CPI.CP05.POP_PCH_PA_PT.A","OBS_VALUE","Egypt, Arab Republic of","Consumer price index (CPI)","Furnishings, household equipment and routine household maintenance","Period average, Period-over-period percent change","Annual","Units","9.075427329604472","4.642788451633643","14.33984346234519","28.88958573845491","10.30523543297296","3.052517995473585","3.490020966894934","3.127129208286295","13.48367400890604","37.80537737136623","27.21600475388736",""
"IMF.STA:CPI(5.0.0)","EGY.CPI.CP02.YOY_PCH_PA_PT.A","OBS_VALUE","Egypt, Arab Republic of","Consumer price index (CPI)","Alcoholic beverages, tobacco and narcotics","Period average, Year-over-year (YOY) percent change","Annual","Units","17.30281825249058","22.31076069000165","9.300037697204446","32.05964543941566","20.47592265581627","5.983459903030218","9.279311556093007","5.299500980057399","7.932833732723512","43.91200319021665","54.81457534752696",""
"IMF.STA:CPI(5.0.0)","EGY.CPI.CP05.YOY_PCH_PA_PT.A","OBS_VALUE","Egypt, Arab Republic of","Consumer price index (CPI)","Furnishings, household equipment and routine household maintenance","Period average, Year-over-year (YOY) percent change","Annual","Units","9.075427329604472","4.642788451633643","14.33984346234519","28.88958573845491","10.30523543297296","3.052517995473585","3.490020966894934","3.127129208286295","13.48367400890604","37.80537737136623","27.21600475388736",""
"IMF.STA:CPI(5.0.0)","EGY.CPI.CP08.YOY_PCH_PA_PT.A","OBS_VALUE","Egypt, Arab Republic of","Consumer price index (CPI)","Communication","Period average, Year-over-year (YOY) percent change","Annual","Units","1.540796571761871","-0.126284106964061","0.612909973319178","4.786704692874053","7.172249279301481","0.7216462752027299","3.384923073604593","0.4927744754392106","0.7909389419230832","1.50150150150147","14.79289940828409",""
"IMF.STA:CPI(5.0.0)","EGY.CPI.CP09.YOY_PCH_PA_PT.A","OBS_VALUE","Egypt, Arab Republic of","Consumer price index (CPI)","Recreation and culture","Period average, Year-over-year (YOY) percent change","Annual","Units","13.99501025342131","12.61487730594618","13.75570464865807","35.59739873973523","16.97746243918426","11.05361711635999","6.935226923146666","9.284893988307775","24.81683822832171","26.15442439862545","45.626729091296",""
"IMF.STA:CPI(5.0.0)","IND.CPI.CP08.YOY_PCH_PA_PT.A","OBS_VALUE","India","Consumer price index (CPI)","Communication","Period average, Year-over-year (YOY) percent change","Annual","Units","4.456306158825436","2.381134454878098","2.482318670491082","0.5673552104046226","0.4845869749324809","","","","","","",""
"IMF.STA:CPI(5.0.0)","IND.CPI.CP08.POP_PCH_PA_PT.A","OBS_VALUE","India","Consumer price index (CPI)","Communication","Period average, Period-over-period percent change","Annual","Units","4.456306158825436","2.381134454878098","2.482318670491082","0.5673552104046226","0.4845869749324809","","","","","","",""
"IMF.STA:CPI(5.0.0)","IND.CPI.CP03.POP_PCH_PA_PT.A","OBS_VALUE","India","Consumer price index (CPI)","Clothing and footwear","Period average, Period-over-period percent change","Annual","Units","7.878748209375399","5.990183425587527","5.293858079904553","4.568316817478574","4.669641633748747","","","","","","",""
"IMF.STA:CPI(5.0.0)","IND.CPI.CP03.YOY_PCH_PA_PT.A","OBS_VALUE","India","Consumer price index (CPI)","Clothing and footwear","Period average, Year-over-year (YOY) percent change","Annual","Units","7.878748209375399","5.990183425587527","5.293858079904553","4.568316817478574","4.669641633748747","","","","","","",""
"IMF.STA:CPI(5.0.0)","IND.CPI.CP01.POP_PCH_PA_PT.A","OBS_VALUE","India","Consumer price index (CPI)","Food and non-alcoholic beverages","Period average, Period-over-period percent change","Annual","Units","6.863096941274554","4.957725025254399","5.267274908161253","1.344286781180169","1.252745025792107","","","","","","",""
"IMF.STA:CPI(5.0.0)","IND.CPI.CP06.POP_PCH_PA_PT.A","OBS_VALUE","India","Consumer price index (CPI)","Health","Period average, Period-over-period percent change","Annual","Units","5.502629917059804","5.252675187197616","4.9061706746088","4.154069516770064","6.169193460172486","","","","","","",""
"IMF.STA:CPI(5.0.0)","IND.CPI.CP06.YOY_PCH_PA_PT.A","OBS_VALUE","India","Consumer price index (CPI)","Health","Period average, Year-over-year (YOY) percent change","Annual","Units","5.502629917059804","5.252675187197616","4.9061706746088","4.154069516770064","6.169193460172486","","","","","","",""
"IMF.STA:CPI(5.0.0)","IND.CPI.CP04.POP_PCH_PA_PT.A","OBS_VALUE","India","Consumer price index (CPI)","Housing, water, electricity, gas and other fuels","Period average, Period-over-period percent change","Annual","Units","6.965663569864545","4.966113534481135","4.460191746561052","5.679688747007421","7.325381664616799","","","","","","",""
"IMF.STA:CPI(5.0.0)","IND.CPI.CP12.YOY_PCH_PA_PT.A","OBS_VALUE","India","Consumer price index (CPI)","Miscellaneous goods and services","Period average, Year-over-year (YOY) percent change","Annual","Units","3.945367944748718","3.031961666711702","6.367176702873853","3.81186089281258","4.745908253614423","","","","","","",""
"IMF.STA:CPI(5.0.0)","IND.CPI.CP04.YOY_PCH_PA_PT.A","OBS_VALUE","India","Consumer price index (CPI)","Housing, water, electricity, gas and other fuels","Period average, Year-over-year (YOY) percent change","Annual","Units","6.965663569864545","4.966113534481135","4.460191746561052","5.679688747007421","7.325381664616799","","","","","","",""
"IMF.STA:CPI(5.0.0)","IND.CPI.CP01.YOY_PCH_PA_PT.A","OBS_VALUE","India","Consumer price index (CPI)","Food and non-alcoholic beverages","Period average, Year-over-year (YOY) percent change","Annual","Units","6.863096941274554","4.957725025254399","5.267274908161253","1.344286781180169","1.252745025792107","","","","","","",""
"IMF.STA:CPI(5.0.0)","IND.CPI.CP10.YOY_PCH_PA_PT.A","OBS_VALUE","India","Consumer price index (CPI)","Education","Period average, Year-over-year (YOY) percent change","Annual","Units","7.524333039383591","7.019284142785707","5.713902871296394","5.081539369507168","6.091498902257787","","","","","","",""
"IMF.STA:CPI(5.0.0)","IND.CPI.CP02.POP_PCH_PA_PT.A","OBS_VALUE","India","Consumer price index (CPI)","Alcoholic beverages, tobacco and narcotics","Period average, Period-over-period percent change","Annual","Units","7.947731935263271","9.326373666053802","7.4233973360415","6.634683450124008","6.789574729043873","","","","","","",""
"IMF.STA:CPI(5.0.0)","IND.CPI.CP05.POP_PCH_PA_PT.A","OBS_VALUE","India","Consumer price index (CPI)","Furnishings, household equipment and routine household maintenance","Period average, Period-over-period percent change","Annual","Units","6.404353334340998","5.358948124804272","4.632108197398305","4.09156059015664","5.017701594755231","","","","","","",""
"IMF.STA:CPI(5.0.0)","IND.CPI.CP09.POP_PCH_PA_PT.A","OBS_VALUE","India","Consumer price index (CPI)","Recreation and culture","Period average, Period-over-period percent change","Annual","Units","5.940017434082493","4.777424248383276","4.213212513305156","3.581603581603693","4.728231827111762","","","","","","",""
"IMF.STA:CPI(5.0.0)","IND.CPI.CP09.YOY_PCH_PA_PT.A","OBS_VALUE","India","Consumer price index (CPI)","Recreation and culture","Period average, Year-over-year (YOY) percent change","Annual","Units","5.940017434082493","4.777424248383276","4.213212513305156","3.581603581603693","4.728231827111762","","","","","","",""
"IMF.STA:CPI(5.0.0)","IND.CPI.CP11.YOY_PCH_PA_PT.A","OBS_VALUE","India","Consumer price index (CPI)","Restaurants and hotels","Period average, Year-over-year (YOY) percent change","Annual","Units","8.631077127603284","7.343567724396342","5.936690235047","5.183067453365926","4.361774028772857","","","","","","",""
"IMF.STA:CPI(5.0.0)","IND.CPI.CP07.POP_PCH_PA_PT.A","OBS_VALUE","India","Consumer price index (CPI)","Transport","Period average, Period-over-period percent change","Annual","Units","4.529573836223108","-1.276241097888359","1.878985343855753","4.52970155143533","6.577747194579148","","","","","","",""
"IMF.STA:CPI(5.0.0)","IND.CPI.CP10.POP_PCH_PA_PT.A","OBS_VALUE","India","Consumer price index (CPI)","Education","Period average, Period-over-period percent change","Annual","Units","7.524333039383591","7.019284142785707","5.713902871296394","5.081539369507168","6.091498902257787","","","","","","",""
"IMF.STA:CPI(5.0.0)","IND.CPI.CP02.YOY_PCH_PA_PT.A","OBS_VALUE","India","Consumer price index (CPI)","Alcoholic beverages, tobacco and narcotics","Period average, Year-over-year (YOY) percent change","Annual","Units","7.947731935263271","9.326373666053802","7.4233973360415","6.634683450124008","6.789574729043873","","","","","","",""
"IMF.STA:CPI(5.0.0)","IND.CPI.CP05.YOY_PCH_PA_PT.A","OBS_VALUE","India","Consumer price index (CPI)","Furnishings, household equipment and routine household maintenance","Period average, Year-over-year (YOY) percent change","Annual","Units","6.404353334340998","5.358948124804272","4.632108197398305","4.09156059015664","5.017701594755231","","","","","","",""
"IMF.STA:CPI(5.0.0)","IND.CPI.CP12.POP_PCH_PA_PT.A","OBS_VALUE","India","Consumer price index (CPI)","Miscellaneous goods and services","Period average, Period-over-period percent change","Annual","Units","3.945367944748718","3.031961666711702","6.367176702873853","3.81186089281258","4.745908253614423","","","","","","",""
"IMF.STA:CPI(5.0.0)","IND.CPI.CP07.YOY_PCH_PA_PT.A","OBS_VALUE","India","Consumer price index (CPI)","Transport","Period average, Year-over-year (YOY) percent change","Annual","Units","4.529573836223108","-1.276241097888359","1.878985343855753","4.52970155143533","6.577747194579148","","","","","","",""
"IMF.STA:CPI(5.0.0)","IND.CPI.CP11.POP_PCH_PA_PT.A","OBS_VALUE","India","Consumer price index (CPI)","Restaurants and hotels","Period average, Period-over-period percent change","Annual","Units","8.631077127603284","7.343567724396342","5.936690235047","5.183067453365926","4.361774028772857","","","","","","",""
"IMF.STA:CPI(5.0.0)","RUS.CPI.CP01.POP_PCH_PA_PT.A","OBS_VALUE","Russian Federation","Consumer price index (CPI)","Food and non-alcoholic beverages","Period average, Period-over-period percent change","Annual","Units","9.962453117817212","20.98559343195425","5.764263697546492","2.700897104284832","1.616419959666161","5.67252190174657","4.325419819756169","9.604794672518277","","","",""
"IMF.STA:CPI(5.0.0)","RUS.CPI.CP01.YOY_PCH_PA_PT.A","OBS_VALUE","Russian Federation","Consumer price index (CPI)","Food and non-alcoholic beverages","Period average, Year-over-year (YOY) percent change","Annual","Units","9.962453117817212","20.98559343195425","5.764263697546492","2.700897104284832","1.616419959666161","5.67252190174657","4.325419819756169","9.604794672518277","","","",""
"IMF.STA:CPI(5.0.0)","USA.CPI._T.SRP_POP_PCH_PA_PT.A","OBS_VALUE","United States","Consumer price index (CPI)","All Items","Standard reference period (2010=100), Period average, Period-over-period percent change","Annual","Units","1.622222977408174","0.1186271355524506","1.261583205705358","2.130110003659612","2.442583296928166","1.812210075260205","1.233584396306293","4.697858863637421","8.00279982052121","4.116338383744878","2.949525204852073",""
"IMF.STA:CPI(5.0.0)","USA.CPI._T.SRP_YOY_PCH_PA_PT.A","OBS_VALUE","United States","Consumer price index (CPI)","All Items","Standard reference period (2010=100), Period average, Year-over-year (YOY) percent change","Annual","Units","1.622222977408174","0.1186271355524506","1.261583205705358","2.130110003659612","2.442583296928166","1.812210075260205","1.233584396306293","4.697858863637421","8.00279982052121","4.116338383744878","2.949525204852073",""
"IMF.STA:CPI(5.0.0)","GBR.HICP._T.SRP_IX.A","OBS_VALUE","United Kingdom","Harmonised index of consumer prices (HICP)","All Items","Standard reference period (2010=100), Index","Annual","Units","111.7685426761089","111.8244502422663","112.541930674618","115.5702571748045","118.4308609765189","120.53671263511","","","","","",""
"IMF.STA:CPI(5.0.0)","USA.CPI._T.SRP_IX.A","OBS_VALUE","United States","Consumer price index (CPI)","All Items","Standard reference period (2010=100), Index","Annual","Units","108.5669321189636","108.6957219606935","110.0670089342698","112.4115573023076","115.1573032247906","117.2441954762282","118.6905015771978","124.2664138258379","134.2112061684602","139.7357935632595","143.8573360146079",""
"IMF.STA:CPI(5.0.0)","ZAF.CPI.CP03.POP_PCH_PA_PT.A","OBS_VALUE","South Africa","Consumer price index (CPI)","Clothing and footwear","Period average, Period-over-period percent change","Annual","Units","5.412398820141268","5.436523780684061","5.039838958729549","3.340717515924365","1.756531420089065","-3.711775762649103","-1.111027588407512","1.446932517209401","2.206569343065693","2.741741689234798","2.117281879194631",""
"IMF.STA:CPI(5.0.0)","ZAF.CPI.CP03.YOY_PCH_PA_PT.A","OBS_VALUE","South Africa","Consumer price index (CPI)","Clothing and footwear","Period average, Year-over-year (YOY) percent change","Annual","Units","5.412398820141268","5.436523780684061","5.039838958729549","3.340717515924365","1.756531420089065","-3.711775762649103","-1.111027588407512","1.446932517209401","2.206569343065693","2.741741689234798","2.117281879194631",""
"IMF.STA:CPI(5.0.0)","ZAF.CPI.CP10.YOY_PCH_PA_PT.A","OBS_VALUE","South Africa","Consumer price index (CPI)","Education","Period average, Year-over-year (YOY) percent change","Annual","Units","8.859425505050505","9.298280674623636","5.34135307164267","6.615168681874004","6.692929660860603","-14.1992757048505","-1.892301900249604","4.506401893740137","4.362422745596934","5.530538140631982","6.170018281535649",""
"IMF.STA:CPI(5.0.0)","ZAF.CPI.CP10.POP_PCH_PA_PT.A","OBS_VALUE","South Africa","Consumer price index (CPI)","Education","Period average, Period-over-period percent change","Annual","Units","8.859425505050505","9.298280674623636","5.34135307164267","6.615168681874004","6.692929660860603","-14.1992757048505","-1.892301900249604","4.506401893740137","4.362422745596934","5.530538140631982","6.170018281535649",""
"IMF.STA:CPI(5.0.0)","ZAF.CPI.CP08.YOY_PCH_PA_PT.A","OBS_VALUE","South Africa","Consumer price index (CPI)","Communication","Period average, Year-over-year (YOY) percent change","Annual","Units","-0.71159829147704","-0.9308922424328398","-0.09145186952467479","-1.165210986267166","0.5136757937993751","1.2818441194729","0.1240896703464252","-0.5039821130219669","-0.6144557514286931","-0.2590040917453079","-0.3434419529522697",""
"IMF.STA:CPI(5.0.0)","ZAF.CPI.CP08.POP_PCH_PA_PT.A","OBS_VALUE","South Africa","Consumer price index (CPI)","Communication","Period average, Period-over-period percent change","Annual","Units","-0.71159829147704","-0.9308922424328398","-0.09145186952467479","-1.165210986267166","0.5136757937993751","1.2818441194729","0.1240896703464252","-0.5039821130219669","-0.6144557514286931","-0.2590040917453079","-0.3434419529522697",""
"IMF.STA:CPI(5.0.0)","ZAF.CPI.CP06.YOY_PCH_PA_PT.A","OBS_VALUE","South Africa","Consumer price index (CPI)","Health","Period average, Year-over-year (YOY) percent change","Annual","Units","5.314585701465749","6.106800910941127","5.532254791360268","6.595096868141514","5.060663907247734","-11.50622876557191","-1.953759918095726","3.602506153889769","4.627912054895213","5.908341166279294","5.336147552781964",""
"IMF.STA:CPI(5.0.0)","ZAF.CPI.CP09.POP_PCH_PA_PT.A","OBS_VALUE","South Africa","Consumer price index (CPI)","Recreation and culture","Period average, Period-over-period percent change","Annual","Units","2.690326273611906","2.266814381270903","6.858649226550229","2.52486610558531","0.7131094527363184","-3.20270103715618","-0.3402296243764003","1.655712198892957","2.401151057015793","3.509042919648855","2.170289280814993",""
"IMF.STA:CPI(5.0.0)","ZAF.CPI.CP06.POP_PCH_PA_PT.A","OBS_VALUE","South Africa","Consumer price index (CPI)","Health","Period average, Period-over-period percent change","Annual","Units","5.314585701465749","6.106800910941127","5.532254791360268","6.595096868141514","5.060663907247734","-11.50622876557191","-1.953759918095726","3.602506153889769","4.627912054895213","5.908341166279294","5.336147552781964",""
"IMF.STA:CPI(5.0.0)","ZAF.CPI.CP04.POP_PCH_PA_PT.A","OBS_VALUE","South Africa","Consumer price index (CPI)","Housing, water, electricity, gas and other fuels","Period average, Period-over-period percent change","Annual","Units","5.642374612924958","5.86935751784892","5.897835149221217","5.072382742312009","4.892767657631519","-10.15313692810961","-1.929565597827021","3.361564230768549","4.609475032010243","4.88780905752754","5.321300348428478",""
"IMF.STA:CPI(5.0.0)","ZAF.CPI.CP07.POP_PCH_PA_PT.A","OBS_VALUE","South Africa","Consumer price index (CPI)","Transport","Period average, Period-over-period percent change","Annual","Units","6.40284120219191","-1.008771026084973","4.226846992402411","4.922639815315084","6.960505067619717","-15.92421498277613","-7.722123040697842","9.090911221382897","16.89938238453276","5.237366404086248","2.233716693372868",""
"IMF.STA:CPI(5.0.0)","ZAF.CPI.CP01.POP_PCH_PA_PT.A","OBS_VALUE","South Africa","Consumer price index (CPI)","Food and non-alcoholic beverages","Period average, Period-over-period percent change","Annual","Units","7.997816367567098","4.953902239815576","11.66023563378606","6.837834366238735","3.123237873352385","-11.67517196152657","-1.527947794195383","6.098330175913396","9.284942685868061","10.82235885437503","4.689700926705981",""
"IMF.STA:CPI(5.0.0)","ZAF.CPI.CP09.YOY_PCH_PA_PT.A","OBS_VALUE","South Africa","Consumer price index (CPI)","Recreation and culture","Period average, Year-over-year (YOY) percent change","Annual","Units","2.690326273611906","2.266814381270903","6.858649226550229","2.52486610558531","0.7131094527363184","-3.20270103715618","-0.3402296243764003","1.655712198892957","2.401151057015793","3.509042919648855","2.170289280814993",""
"IMF.STA:CPI(5.0.0)","ZAF.CPI.CP12.YOY_PCH_PA_PT.A","OBS_VALUE","South Africa","Consumer price index (CPI)","Miscellaneous goods and services","Period average, Year-over-year (YOY) percent change","Annual","Units","6.716798117680044","7.027709441868214","7.008207747738723","7.231944477141399","5.761665738353362","-13.89816586358213","-1.458776967373463","4.248424178770359","3.89884043357701","5.58024216900589","6.648809904068924",""
"IMF.STA:CPI(5.0.0)","ZAF.CPI.CP05.YOY_PCH_PA_PT.A","OBS_VALUE","South Africa","Consumer price index (CPI)","Furnishings, household equipment and routine household maintenance","Period average, Year-over-year (YOY) percent change","Annual","Units","3.043757894983128","2.325374373088756","3.720276290595517","2.385574784103294","2.462216182947714","-4.927036938389086","-1.017804148941793","1.379609254498715","4.538928085912329","4.9644320048163","1.894908042688639",""
"IMF.STA:CPI(5.0.0)","ZAF.CPI.CP12.POP_PCH_PA_PT.A","OBS_VALUE","South Africa","Consumer price index (CPI)","Miscellaneous goods and services","Period average, Period-over-period percent change","Annual","Units","6.716798117680044","7.027709441868214","7.008207747738723","7.231944477141399","5.761665738353362","-13.89816586358213","-1.458776967373463","4.248424178770359","3.89884043357701","5.58024216900589","6.648809904068924",""
"IMF.STA:CPI(5.0.0)","ZAF.CPI.CP02.YOY_PCH_PA_PT.A","OBS_VALUE","South Africa","Consumer price index (CPI)","Alcoholic beverages, tobacco and narcotics","Period average, Year-over-year (YOY) percent change","Annual","Units","6.409861325115562","8.292311033883579","5.803167864005711","3.892510775065387","5.352338763711173","-10.68431919669919","-2.835464299609708","4.576902485979178","6.005086361193731","5.920931349015843","4.44932836521051",""
"IMF.STA:CPI(5.0.0)","ZAF.CPI.CP11.YOY_PCH_PA_PT.A","OBS_VALUE","South Africa","Consumer price index (CPI)","Restaurants and hotels","Period average, Year-over-year (YOY) percent change","Annual","Units","8.383926279755627","5.939159768815454","6.125797574058363","4.664180513106163","4.193621930694483","-6.907674127522242","-2.859792972821074","2.403971779461719","6.62587394743557","6.182161396885323","6.370655848546315",""
"IMF.STA:CPI(5.0.0)","ZAF.CPI.CP02.POP_PCH_PA_PT.A","OBS_VALUE","South Africa","Consumer price index (CPI)","Alcoholic beverages, tobacco and narcotics","Period average, Period-over-period percent change","Annual","Units","6.409861325115562","8.292311033883579","5.803167864005711","3.892510775065387","5.352338763711173","-10.68431919669919","-2.835464299609708","4.576902485979178","6.005086361193731","5.920931349015843","4.44932836521051",""
"IMF.STA:CPI(5.0.0)","ZAF.CPI.CP04.YOY_PCH_PA_PT.A","OBS_VALUE","South Africa","Consumer price index (CPI)","Housing, water, electricity, gas and other fuels","Period average, Year-over-year (YOY) percent change","Annual","Units","5.642374612924958","5.86935751784892","5.897835149221217","5.072382742312009","4.892767657631519","-10.15313692810961","-1.929565597827021","3.361564230768549","4.609475032010243","4.88780905752754","5.321300348428478",""
"IMF.STA:CPI(5.0.0)","ZAF.CPI.CP07.YOY_PCH_PA_PT.A","OBS_VALUE","South Africa","Consumer price index (CPI)","Transport","Period average, Year-over-year (YOY) percent change","Annual","Units","6.40284120219191","-1.008771026084973","4.226846992402411","4.922639815315084","6.960505067619717","-15.92421498277613","-7.722123040697842","9.090911221382897","16.89938238453276","5.237366404086248","2.233716693372868",""
"IMF.STA:CPI(5.0.0)","ZAF.CPI.CP01.YOY_PCH_PA_PT.A","OBS_VALUE","South Africa","Consumer price index (CPI)","Food and non-alcoholic beverages","Period average, Year-over-year (YOY) percent change","Annual","Units","7.997816367567098","4.953902239815576","11.66023563378606","6.837834366238735","3.123237873352385","-11.67517196152657","-1.527947794195383","6.098330175913396","9.284942685868061","10.82235885437503","4.689700926705981",""
"IMF.STA:CPI(5.0.0)","ZAF.CPI.CP05.POP_PCH_PA_PT.A","OBS_VALUE","South Africa","Consumer price index (CPI)","Furnishings, household equipment and routine household maintenance","Period average, Period-over-period percent change","Annual","Units","3.043757894983128","2.325374373088756","3.720276290595517","2.385574784103294","2.462216182947714","-4.927036938389086","-1.017804148941793","1.379609254498715","4.538928085912329","4.9644320048163","1.894908042688639",""
"IMF.STA:CPI(5.0.0)","ZAF.CPI.CP11.POP_PCH_PA_PT.A","OBS_VALUE","South Africa","Consumer price index (CPI)","Restaurants and hotels","Period average, Period-over-period percent change","Annual","Units","8.383926279755627","5.939159768815454","6.125797574058363","4.664180513106163","4.193621930694483","-6.907674127522242","-2.859792972821074","2.403971779461719","6.62587394743557","6.182161396885323","6.370655848546315",""
"IMF.STA:CPI(5.0.0)","RUS.CPI.CP02.POP_PCH_PA_PT.A","OBS_VALUE","Russian Federation","Consumer price index (CPI)","Alcoholic beverages, tobacco and narcotics","Period average, Period-over-period percent change","Annual","Units","14.84630551304678","13.86615999657459","9.883283551931669","6.006003113047747","3.270807267074845","3.444790304337068","3.968258629319889","5.091848724999107","","","",""
"IMF.STA:CPI(5.0.0)","RUS.CPI.CP02.YOY_PCH_PA_PT.A","OBS_VALUE","Russian Federation","Consumer price index (CPI)","Alcoholic beverages, tobacco and narcotics","Period average, Year-over-year (YOY) percent change","Annual","Units","14.84630551304678","13.86615999657459","9.883283551931669","6.006003113047747","3.270807267074845","3.444790304337068","3.968258629319889","5.091848724999107","","","",""
"IMF.STA:CPI(5.0.0)","RUS.CPI.CP08.YOY_PCH_PA_PT.A","OBS_VALUE","Russian Federation","Consumer price index (CPI)","Communication","Period average, Year-over-year (YOY) percent change","Annual","Units","0.5460357220894425","3.312623601476992","2.345762809528034","2.720626211007956","1.899532040030534","1.756315118075084","3.103228272499763","0.1289777973787677","","","",""
"IMF.STA:CPI(5.0.0)","RUS.CPI.CP10.POP_PCH_PA_PT.A","OBS_VALUE","Russian Federation","Consumer price index (CPI)","Education","Period average, Period-over-period percent change","Annual","Units","8.642675317622188","9.637629329643121","8.935778274681565","7.596322145187591","9.307114663827305","8.389213882467311","4.677599561966492","3.122884921446234","","","",""
"IMF.STA:CPI(5.0.0)","RUS.CPI.CP03.YOY_PCH_PA_PT.A","OBS_VALUE","Russian Federation","Consumer price index (CPI)","Clothing and footwear","Period average, Year-over-year (YOY) percent change","Annual","Units","5.021983656065337","11.0100217500798","9.402155675690183","4.960258880609498","2.433527394161609","2.150507842999116","1.561103516967963","2.444834848839856","","","",""
"IMF.STA:CPI(5.0.0)","RUS.CPI.CP12.POP_PCH_PA_PT.A","OBS_VALUE","Russian Federation","Consumer price index (CPI)","Miscellaneous goods and services","Period average, Period-over-period percent change","Annual","Units","6.939663778247052","17.6037139610194","8.019083890934966","3.486597484123263","1.548334754136455","3.263164406761814","2.811090231902084","4.782734532310132","","","",""
"IMF.STA:CPI(5.0.0)","RUS.CPI.CP12.YOY_PCH_PA_PT.A","OBS_VALUE","Russian Federation","Consumer price index (CPI)","Miscellaneous goods and services","Period average, Year-over-year (YOY) percent change","Annual","Units","6.939663778247052","17.6037139610194","8.019083890934966","3.486597484123263","1.548334754136455","3.263164406761814","2.811090231902084","4.782734532310132","","","",""
"IMF.STA:CPI(5.0.0)","RUS.CPI.CP05.YOY_PCH_PA_PT.A","OBS_VALUE","Russian Federation","Consumer price index (CPI)","Furnishings, household equipment and routine household maintenance","Period average, Year-over-year (YOY) percent change","Annual","Units","5.02986947383555","17.15349917313404","7.54739525250911","2.448977288738661","2.183479924806465","3.709771301546364","3.176289365482857","7.119151834468677","","","",""
"IMF.STA:CPI(5.0.0)","RUS.CPI.CP09.YOY_PCH_PA_PT.A","OBS_VALUE","Russian Federation","Consumer price index (CPI)","Recreation and culture","Period average, Year-over-year (YOY) percent change","Annual","Units","8.065894236482442","19.57414821946297","9.301088071528102","1.832970616949191","3.921068731058651","3.374878205757694","1.894596560501917","4.716728075123871","","","",""
"IMF.STA:CPI(5.0.0)","RUS.CPI.CP06.POP_PCH_PA_PT.A","OBS_VALUE","Russian Federation","Consumer price index (CPI)","Health","Period average, Period-over-period percent change","Annual","Units","9.09157048563514","17.62466565346919","7.675485418429821","3.256474419840545","2.265057703717133","5.235710586347892","6.462890859541876","5.899830934390822","","","",""
"IMF.STA:CPI(5.0.0)","RUS.CPI.CP09.POP_PCH_PA_PT.A","OBS_VALUE","Russian Federation","Consumer price index (CPI)","Recreation and culture","Period average, Period-over-period percent change","Annual","Units","8.065894236482442","19.57414821946297","9.301088071528102","1.832970616949191","3.921068731058651","3.374878205757694","1.894596560501917","4.716728075123871","","","",""
"IMF.STA:CPI(5.0.0)","RUS.CPI.CP06.YOY_PCH_PA_PT.A","OBS_VALUE","Russian Federation","Consumer price index (CPI)","Health","Period average, Year-over-year (YOY) percent change","Annual","Units","9.09157048563514","17.62466565346919","7.675485418429821","3.256474419840545","2.265057703717133","5.235710586347892","6.462890859541876","5.899830934390822","","","",""
"IMF.STA:CPI(5.0.0)","RUS.CPI.CP04.POP_PCH_PA_PT.A","OBS_VALUE","Russian Federation","Consumer price index (CPI)","Housing, water, electricity, gas and other fuels","Period average, Period-over-period percent change","Annual","Units","7.741272355930205","10.92719262834916","7.033200212028328","4.761262459108787","3.975120026609975","5.071300417193826","3.022539884399","5.402791421508909","","","",""
"IMF.STA:CPI(5.0.0)","RUS.CPI.CP11.YOY_PCH_PA_PT.A","OBS_VALUE","Russian Federation","Consumer price index (CPI)","Restaurants and hotels","Period average, Year-over-year (YOY) percent change","Annual","Units","7.488885353077194","11.06063323559919","6.306388312926786","3.261139402240069","2.397902267031343","3.291271116608143","2.200859540994337","5.979654515724258","","","",""
"IMF.STA:CPI(5.0.0)","RUS.CPI.CP03.POP_PCH_PA_PT.A","OBS_VALUE","Russian Federation","Consumer price index (CPI)","Clothing and footwear","Period average, Period-over-period percent change","Annual","Units","5.021983656065337","11.0100217500798","9.402155675690183","4.960258880609498","2.433527394161609","2.150507842999116","1.561103516967963","2.444834848839856","","","",""
"IMF.STA:CPI(5.0.0)","RUS.CPI.CP10.YOY_PCH_PA_PT.A","OBS_VALUE","Russian Federation","Consumer price index (CPI)","Education","Period average, Year-over-year (YOY) percent change","Annual","Units","8.642675317622188","9.637629329643121","8.935778274681565","7.596322145187591","9.307114663827305","8.389213882467311","4.677599561966492","3.122884921446234","","","",""
"IMF.STA:CPI(5.0.0)","RUS.CPI.CP07.YOY_PCH_PA_PT.A","OBS_VALUE","Russian Federation","Consumer price index (CPI)","Transport","Period average, Year-over-year (YOY) percent change","Annual","Units","5.233218850530192","11.89852266090616","6.114563942044162","4.738212982889583","5.293171186600207","4.832962879254623","2.954453440858734","8.390555185327219","","","",""
"IMF.STA:CPI(5.0.0)","RUS.CPI.CP04.YOY_PCH_PA_PT.A","OBS_VALUE","Russian Federation","Consumer price index (CPI)","Housing, water, electricity, gas and other fuels","Period average, Year-over-year (YOY) percent change","Annual","Units","7.741272355930205","10.92719262834916","7.033200212028328","4.761262459108787","3.975120026609975","5.071300417193826","3.022539884399","5.402791421508909","","","",""
"IMF.STA:CPI(5.0.0)","RUS.CPI.CP08.POP_PCH_PA_PT.A","OBS_VALUE","Russian Federation","Consumer price index (CPI)","Communication","Period average, Period-over-period percent change","Annual","Units","0.5460357220894425","3.312623601476992","2.345762809528034","2.720626211007956","1.899532040030534","1.756315118075084","3.103228272499763","0.1289777973787677","","","",""
"IMF.STA:CPI(5.0.0)","RUS.CPI.CP07.POP_PCH_PA_PT.A","OBS_VALUE","Russian Federation","Consumer price index (CPI)","Transport","Period average, Period-over-period percent change","Annual","Units","5.233218850530192","11.89852266090616","6.114563942044162","4.738212982889583","5.293171186600207","4.832962879254623","2.954453440858734","8.390555185327219","","","",""
"IMF.STA:CPI(5.0.0)","RUS.CPI.CP11.POP_PCH_PA_PT.A","OBS_VALUE","Russian Federation","Consumer price index (CPI)","Restaurants and hotels","Period average, Period-over-period percent change","Annual","Units","7.488885353077194","11.06063323559919","6.306388312926786","3.261139402240069","2.397902267031343","3.291271116608143","2.200859540994337","5.979654515724258","","","",""
"IMF.STA:CPI(5.0.0)","RUS.CPI.CP05.POP_PCH_PA_PT.A","OBS_VALUE","Russian Federation","Consumer price index (CPI)","Furnishings, household equipment and routine household maintenance","Period average, Period-over-period percent change","Annual","Units","5.02986947383555","17.15349917313404","7.54739525250911","2.448977288738661","2.183479924806465","3.709771301546364","3.176289365482857","7.119151834468677","","","",""
"IMF.STA:CPI(5.0.0)","SAU.CPI.CP04.POP_PCH_PA_PT.A","OBS_VALUE","Saudi Arabia","Consumer price index (CPI)","Housing, water, electricity, gas and other fuels","Period average, Period-over-period percent change","Annual","Units","4.883721081407919","2.375852205005959","4.874254511467362","-0.7274866785079929","-1.249498460603941","-14.40493947727097","-3.871982564552623","-2.427742912193779","1.825205883965079","7.953087685274969","8.84197106134485",""
"IMF.STA:CPI(5.0.0)","SAU.CPI.CP04.YOY_PCH_PA_PT.A","OBS_VALUE","Saudi Arabia","Consumer price index (CPI)","Housing, water, electricity, gas and other fuels","Period average, Year-over-year (YOY) percent change","Annual","Units","4.883721081407919","2.375852205005959","4.874254511467362","-0.7274866785079929","-1.249498460603941","-14.40493947727097","-3.871982564552623","-2.427742912193779","1.825205883965079","7.953087685274969","8.84197106134485",""
"IMF.STA:CPI(5.0.0)","SAU.CPI.CP01.YOY_PCH_PA_PT.A","OBS_VALUE","Saudi Arabia","Consumer price index (CPI)","Food and non-alcoholic beverages","Period average, Year-over-year (YOY) percent change","Annual","Units","1.366685136668514","0.6412363826671833","-1.298814630059253","-0.8267739731294052","6.48080158883748","-2.701802910444147","7.561353399447119","5.389517915597768","3.72050845712539","1.444796777091404","0.8164764506076419",""
"IMF.STA:CPI(5.0.0)","SAU.CPI.CP07.YOY_PCH_PA_PT.A","OBS_VALUE","Saudi Arabia","Consumer price index (CPI)","Transport","Period average, Year-over-year (YOY) percent change","Annual","Units","1.35000760125057","1.036038480513074","7.470676887041776","-2.088437074057247","10.73688645675346","-12.80500851276202","-1.58121295569603","10.26646297842706","4.065944139184407","0.9864891518108188","-2.407441819699534",""
"IMF.STA:CPI(5.0.0)","SAU.CPI.CP11.YOY_PCH_PA_PT.A","OBS_VALUE","Saudi Arabia","Consumer price index (CPI)","Restaurants and hotels","Period average, Year-over-year (YOY) percent change","Annual","Units","0.8249212428144114","1.801661305922422","0.3166098392596201","0.5697256615683418","7.471369114105194","-5.03741493084179","1.85202268277187","4.471272642823967","5.114267251123866","4.097766780865372","1.997006724610335",""
"IMF.STA:CPI(5.0.0)","SAU.CPI.CP12.POP_PCH_PA_PT.A","OBS_VALUE","Saudi Arabia","Consumer price index (CPI)","Miscellaneous goods and services","Period average, Period-over-period percent change","Annual","Units","0.7833350783335078","0.9922276328946282","0.728680262705114","-0.09266032674957327","0.2351361905691692","-2.1648330563154","3.078828268670525","2.789575995748537","1.618447197396766","-0.488526876721974","0.3964521631347108",""
"IMF.STA:CPI(5.0.0)","SAU.CPI.CP05.POP_PCH_PA_PT.A","OBS_VALUE","Saudi Arabia","Consumer price index (CPI)","Furnishings, household equipment and routine household maintenance","Period average, Period-over-period percent change","Annual","Units","1.708050353408604","0.8929220938805603","0.4709483980958427","-1.862768558043595","1.43036992129618","-2.360409213166078","3.76697048251769","4.039441977464475","1.266236061837404","-2.131122442111162","-3.356424302800455",""
"IMF.STA:CPI(5.0.0)","SAU.CPI.CP05.YOY_PCH_PA_PT.A","OBS_VALUE","Saudi Arabia","Consumer price index (CPI)","Furnishings, household equipment and routine household maintenance","Period average, Year-over-year (YOY) percent change","Annual","Units","1.708050353408604","0.8929220938805603","0.4709483980958427","-1.862768558043595","1.43036992129618","-2.360409213166078","3.76697048251769","4.039441977464475","1.266236061837404","-2.131122442111162","-3.356424302800455",""
"IMF.STA:CPI(5.0.0)","SAU.CPI.CP08.POP_PCH_PA_PT.A","OBS_VALUE","Saudi Arabia","Consumer price index (CPI)","Communication","Period average, Period-over-period percent change","Annual","Units","0.6000399983328611","-0.7124472523976454","0.2336320517462854","-0.9706159831746278","1.28863268477327","-1.5034505835456","4.640506868759937","7.415086941976706","0.4077824308807318","-1.169127770211296","-1.73665948506878",""
"IMF.STA:CPI(5.0.0)","SAU.CPI.CP08.YOY_PCH_PA_PT.A","OBS_VALUE","Saudi Arabia","Consumer price index (CPI)","Communication","Period average, Year-over-year (YOY) percent change","Annual","Units","0.6000399983328611","-0.7124472523976454","0.2336320517462854","-0.9706159831746278","1.28863268477327","-1.5034505835456","4.640506868759937","7.415086941976706","0.4077824308807318","-1.169127770211296","-1.73665948506878",""
"IMF.STA:CPI(5.0.0)","SAU.CPI.CP02.YOY_PCH_PA_PT.A","OBS_VALUE","Saudi Arabia","Consumer price index (CPI)","Alcoholic beverages, tobacco and narcotics","Period average, Year-over-year (YOY) percent change","Annual","Units","4.575380900459963","1.562017726967028","14.20272735340693","26.72187211226275","24.94049807244986","-35.52115247988958","-12.68624816990029","6.290821635871702","-0.06455144469483723","0.1161021969287453","-1.187292060799791",""
"IMF.STA:CPI(5.0.0)","SAU.CPI.CP02.POP_PCH_PA_PT.A","OBS_VALUE","Saudi Arabia","Consumer price index (CPI)","Alcoholic beverages, tobacco and narcotics","Period average, Period-over-period percent change","Annual","Units","4.575380900459963","1.562017726967028","14.20272735340693","26.72187211226275","24.94049807244986","-35.52115247988958","-12.68624816990029","6.290821635871702","-0.06455144469483723","0.1161021969287453","-1.187292060799791",""
"IMF.STA:CPI(5.0.0)","SAU.CPI.CP11.POP_PCH_PA_PT.A","OBS_VALUE","Saudi Arabia","Consumer price index (CPI)","Restaurants and hotels","Period average, Period-over-period percent change","Annual","Units","0.8249212428144114","1.801661305922422","0.3166098392596201","0.5697256615683418","7.471369114105194","-5.03741493084179","1.85202268277187","4.471272642823967","5.114267251123866","4.097766780865372","1.997006724610335",""
"IMF.STA:CPI(5.0.0)","SAU.CPI.CP09.YOY_PCH_PA_PT.A","OBS_VALUE","Saudi Arabia","Consumer price index (CPI)","Recreation and culture","Period average, Year-over-year (YOY) percent change","Annual","Units","-0.3000149774988767","0.342693105017034","-1.59099473136978","-2.884713052310818","1.113026880033469","1.338004833038899","2.209739192531577","3.044291314008938","2.695922425508809","1.49501002713224","-1.292462387252416",""
"IMF.STA:CPI(5.0.0)","SAU.CPI.CP10.YOY_PCH_PA_PT.A","OBS_VALUE","Saudi Arabia","Consumer price index (CPI)","Education","Period average, Year-over-year (YOY) percent change","Annual","Units","5.049992121250591","0.9043312708234174","3.136792452830189","0.467253601646467","0.2920950427604108","-4.878643277550652","-4.10772314079164","-4.996923465832059","5.43959353639054","2.158469945355191","1.254589219285662",""
"IMF.STA:CPI(5.0.0)","SAU.CPI.CP10.POP_PCH_PA_PT.A","OBS_VALUE","Saudi Arabia","Consumer price index (CPI)","Education","Period average, Period-over-period percent change","Annual","Units","5.049992121250591","0.9043312708234174","3.136792452830189","0.467253601646467","0.2920950427604108","-4.878643277550652","-4.10772314079164","-4.996923465832059","5.43959353639054","2.158469945355191","1.254589219285662",""
"IMF.STA:CPI(5.0.0)","SAU.CPI.CP09.POP_PCH_PA_PT.A","OBS_VALUE","Saudi Arabia","Consumer price index (CPI)","Recreation and culture","Period average, Period-over-period percent change","Annual","Units","-0.3000149774988767","0.342693105017034","-1.59099473136978","-2.884713052310818","1.113026880033469","1.338004833038899","2.209739192531577","3.044291314008938","2.695922425508809","1.49501002713224","-1.292462387252416",""
"IMF.STA:CPI(5.0.0)","SAU.CPI.CP03.POP_PCH_PA_PT.A","OBS_VALUE","Saudi Arabia","Consumer price index (CPI)","Clothing and footwear","Period average, Period-over-period percent change","Annual","Units","0.8916649108335089","1.197645891001413","0.9875857002938296","-2.987957082999845","-7.043056187777575","4.575326002204716","4.360403747543914","2.198369886358359","-1.255116553769014","-3.070298230032757","-3.371577865114823",""
"IMF.STA:CPI(5.0.0)","SAU.CPI.CP06.POP_PCH_PA_PT.A","OBS_VALUE","Saudi Arabia","Consumer price index (CPI)","Health","Period average, Period-over-period percent change","Annual","Units","1.741810266976266","2.187090611655522","2.164304782709802","-0.007038056347761898","3.841778065283391","-6.876451549940799","-1.40370374941512","1.637757225878801","0.4275407153582099","0.4434508813988404","-1.086092715231788",""
"IMF.STA:CPI(5.0.0)","SAU.CPI.CP12.YOY_PCH_PA_PT.A","OBS_VALUE","Saudi Arabia","Consumer price index (CPI)","Miscellaneous goods and services","Period average, Year-over-year (YOY) percent change","Annual","Units","0.7833350783335078","0.9922276328946282","0.728680262705114","-0.09266032674957327","0.2351361905691692","-2.1648330563154","3.078828268670525","2.789575995748537","1.618447197396766","-0.488526876721974","0.3964521631347108",""
"IMF.STA:CPI(5.0.0)","SAU.CPI.CP03.YOY_PCH_PA_PT.A","OBS_VALUE","Saudi Arabia","Consumer price index (CPI)","Clothing and footwear","Period average, Year-over-year (YOY) percent change","Annual","Units","0.8916649108335089","1.197645891001413","0.9875857002938296","-2.987957082999845","-7.043056187777575","4.575326002204716","4.360403747543914","2.198369886358359","-1.255116553769014","-3.070298230032757","-3.371577865114823",""
"IMF.STA:CPI(5.0.0)","SAU.CPI.CP07.POP_PCH_PA_PT.A","OBS_VALUE","Saudi Arabia","Consumer price index (CPI)","Transport","Period average, Period-over-period percent change","Annual","Units","1.35000760125057","1.036038480513074","7.470676887041776","-2.088437074057247","10.73688645675346","-12.80500851276202","-1.58121295569603","10.26646297842706","4.065944139184407","0.9864891518108188","-2.407441819699534",""
"IMF.STA:CPI(5.0.0)","SAU.CPI.CP06.YOY_PCH_PA_PT.A","OBS_VALUE","Saudi Arabia","Consumer price index (CPI)","Health","Period average, Year-over-year (YOY) percent change","Annual","Units","1.741810266976266","2.187090611655522","2.164304782709802","-0.007038056347761898","3.841778065283391","-6.876451549940799","-1.40370374941512","1.637757225878801","0.4275407153582099","0.4434508813988404","-1.086092715231788",""
"IMF.STA:CPI(5.0.0)","SAU.CPI.CP01.POP_PCH_PA_PT.A","OBS_VALUE","Saudi Arabia","Consumer price index (CPI)","Food and non-alcoholic beverages","Period average, Period-over-period percent change","Annual","Units","1.366685136668514","0.6412363826671833","-1.298814630059253","-0.8267739731294052","6.48080158883748","-2.701802910444147","7.561353399447119","5.389517915597768","3.72050845712539","1.444796777091404","0.8164764506076419",""
"IMF.STA:CPI(5.0.0)","DEU.HICP._T.YOY_PCH_PA_PT.A","OBS_VALUE","Germany","Harmonised index of consumer prices (HICP)","All Items","Period average, Year-over-year (YOY) percent change","Annual","Units","0.7694258899129383","0.6796442356099714","0.3666972247687141","1.702233662708694","1.935009797517961","1.35362434921903","0.3714240556345187","3.212345484607608","8.665802120680385","6.030186030186004","2.489406779661071","2.260981912144729"
"IMF.STA:CPI(5.0.0)","DEU.HICP._T.POP_PCH_PA_PT.A","OBS_VALUE","Germany","Harmonised index of consumer prices (HICP)","All Items","Period average, Period-over-period percent change","Annual","Units","0.7694258899129383","0.6796442356099714","0.3666972247687141","1.702233662708694","1.935009797517961","1.35362434921903","0.3714240556345187","3.212345484607608","8.665802120680385","6.030186030186004","2.489406779661071","2.260981912144729"
"IMF.STA:CPI(5.0.0)","DEU.HICP._T.IX.A","OBS_VALUE","Germany","Harmonised index of consumer prices (HICP)","All Items","Index","Annual","Units","99.31666666666668","99.99166666666665","100.3583333333333","102.0666666666667","104.0416666666667","105.45","105.8416666666666","109.2416666666667","118.7083333333333","125.8666666666666","129","131.9166666666667"
"IMF.STA:CPI(5.0.0)","DEU.HICP._T.SRP_IX.A","OBS_VALUE","Germany","Harmonised index of consumer prices (HICP)","All Items","Standard reference period (2010=100), Index","Annual","Units","107.1955387659651","107.924087066019","108.3198416981471","110.1636985069257","112.2953768663429","113.815434430653","114.2381723331533","117.9078971037957","128.125562151466","135.851771901421","139.2336751214247","142.3817233315345"
"IMF.STA:CPI(5.0.0)","CHN.CPI.CP04.IX.A","OBS_VALUE","China, People's Republic of","Consumer price index (CPI)","Housing, water, electricity, gas and other fuels","Index","Annual","Units","","","","","","","","","","","",""
"IMF.STA:CPI(5.0.0)","CHN.CPI.CP01.IX.A","OBS_VALUE","China, People's Republic of","Consumer price index (CPI)","Food and non-alcoholic beverages","Index","Annual","Units","","","","","","","","","","","",""
"IMF.STA:CPI(5.0.0)","CHN.CPI.CP08.IX.A","OBS_VALUE","China, People's Republic of","Consumer price index (CPI)","Communication","Index","Annual","Units","","","","","","","","","","","",""
"IMF.STA:CPI(5.0.0)","CHN.CPI.CP05.IX.A","OBS_VALUE","China, People's Republic of","Consumer price index (CPI)","Furnishings, household equipment and routine household maintenance","Index","Annual","Units","","","","","","","","","","","",""
"IMF.STA:CPI(5.0.0)","CHN.CPI._T.YOY_PCH_PA_PT.A","OBS_VALUE","China, People's Republic of","Consumer price index (CPI)","All Items","Period average, Year-over-year (YOY) percent change","Annual","Units","1.921641627885221","1.437023809356555","2.000001821919423","1.593136000714328","2.074790399655754","2.899234163582294","2.419421894577782","0.9810151355448936","1.97357555739052","0.2348368288930602","0.2181289384391663","0.05956469165659008"
"IMF.STA:CPI(5.0.0)","CHN.CPI.CP02.IX.A","OBS_VALUE","China, People's Republic of","Consumer price index (CPI)","Alcoholic beverages, tobacco and narcotics","Index","Annual","Units","","","","","","","","","","","",""
"IMF.STA:CPI(5.0.0)","CHN.CPI.CP10.IX.A","OBS_VALUE","China, People's Republic of","Consumer price index (CPI)","Education","Index","Annual","Units","","","","","","","","","","","",""
"IMF.STA:CPI(5.0.0)","CHN.CPI.CP03.IX.A","OBS_VALUE","China, People's Republic of","Consumer price index (CPI)","Clothing and footwear","Index","Annual","Units","","","","","","","","","","","",""
"IMF.STA:CPI(5.0.0)","CHN.CPI.CP11.IX.A","OBS_VALUE","China, People's Republic of","Consumer price index (CPI)","Restaurants and hotels","Index","Annual","Units","","","","","","","","","","","",""
"IMF.STA:CPI(5.0.0)","CHN.CPI.CP09.IX.A","OBS_VALUE","China, People's Republic of","Consumer price index (CPI)","Recreation and culture","Index","Annual","Units","","","","","","","","","","","",""
"IMF.STA:CPI(5.0.0)","CHN.CPI.CP06.IX.A","OBS_VALUE","China, People's Republic of","Consumer price index (CPI)","Health","Index","Annual","Units","","","","","","","","","","","",""
"IMF.STA:CPI(5.0.0)","CHN.CPI.CP12.IX.A","OBS_VALUE","China, People's Republic of","Consumer price index (CPI)","Miscellaneous goods and services","Index","Annual","Units","","","","","","","","","","","",""
"IMF.STA:CPI(5.0.0)","CHN.CPI._T.POP_PCH_PA_PT.A","OBS_VALUE","China, People's Republic of","Consumer price index (CPI)","All Items","Period average, Period-over-period percent change","Annual","Units","1.921641627885221","1.437023809356555","2.000001821919423","1.593136000714328","2.074790399655754","2.899234163582294","2.419421894577782","0.9810151355448936","1.97357555739052","0.2348368288930602","0.2181289384391663","0.05956469165659008"
"IMF.STA:CPI(5.0.0)","CHN.CPI.CP07.IX.A","OBS_VALUE","China, People's Republic of","Consumer price index (CPI)","Transport","Index","Annual","Units","","","","","","","","","","","",""
"IMF.STA:CPI(5.0.0)","CHN.CPI._T.IX.A","OBS_VALUE","China, People's Republic of","Consumer price index (CPI)","All Items","Index","Annual","Units","88.37901583333335","89.64904333333335","91.44202583333335","92.89882166666668","94.8262775","97.57551333333335","99.93627666666668","100.9166666666667","102.9083333333333","103.15","103.375","103.436575"
"IMF.STA:CPI(5.0.0)","CHN.CPI._T.SRP_POP_PCH_PA_PT.A","OBS_VALUE","China, People's Republic of","Consumer price index (CPI)","All Items","Standard reference period (2010=100), Period average, Period-over-period percent change","Annual","Units","1.921641627885208","1.437023809356548","2.000001821919434","1.593136000714356","2.07479039965576","2.899234163582267","2.419421894577823","0.9810151355448816","1.973575557390506","0.2348368288930508","0.2181289384391772","0.05956469165654026"
"IMF.STA:CPI(5.0.0)","CHN.CPI._T.SRP_YOY_PCH_PA_PT.A","OBS_VALUE","China, People's Republic of","Consumer price index (CPI)","All Items","Standard reference period (2010=100), Period average, Year-over-year (YOY) percent change","Annual","Units","1.921641627885208","1.437023809356548","2.000001821919434","1.593136000714356","2.07479039965576","2.899234163582267","2.419421894577823","0.9810151355448816","1.973575557390506","0.2348368288930508","0.2181289384391772","0.05956469165654026"
"IMF.STA:CPI(5.0.0)","CHN.CPI._T.SRP_IX.A","OBS_VALUE","China, People's Republic of","Consumer price index (CPI)","All Items","Standard reference period (2010=100), Index","Annual","Units","113.2940601998371","114.9221228194955","117.2205673696739","119.0880504286818","121.5588778661133","125.0831543820749","128.1094436056234","129.3662166374569","131.9193566685346","132.2291519024311","132.517581947783","132.5965156368609"
"IMF.STA:CPI(5.0.0)","TUR.HICP.CP05.IX.A","OBS_VALUE","Türkiye, Republic of","Harmonised index of consumer prices (HICP)","Furnishings, household equipment and routine household maintenance","Index","Annual","Units","92.03666666666665","100.0016666666666","108.5941666666667","117.4666666666667","145.2425","172.8358333333333","190.3583333333334","238.0416666666666","429.0216666666668","665.51","1016.1075","1320.131666666667"
"IMF.STA:CPI(5.0.0)","TUR.HICP.CP08.IX.A","OBS_VALUE","Türkiye, Republic of","Harmonised index of consumer prices (HICP)","Communication","Index","Annual","Units","97.03333333333335","100.0008333333334","102.7583333333334","105.5675","110.3966666666667","117.4166666666667","122.4875","130.5016666666667","161.7408333333333","229.9916666666667","335.8025","411.74"
"IMF.STA:CPI(5.0.0)","TUR.HICP.CP08.YOY_PCH_PA_PT.A","OBS_VALUE","Türkiye, Republic of","Harmonised index of consumer prices (HICP)","Communication","Period average, Year-over-year (YOY) percent change","Annual","Units","1.036044634954792","3.058227413260099","2.757477021024823","2.733760441164478","4.574482361206527","6.358887647573898","4.318665720369026","6.542844507943015","23.93775302997402","42.19765159282602","46.00637704264645","22.6137387303549"
"IMF.STA:CPI(5.0.0)","TUR.HICP.CP05.POP_PCH_PA_PT.A","OBS_VALUE","Türkiye, Republic of","Harmonised index of consumer prices (HICP)","Furnishings, household equipment and routine household maintenance","Period average, Period-over-period percent change","Annual","Units","8.330472481878513","8.65415957408274","8.592356794053538","8.170328363248484","23.64571509648124","18.99811235233028","10.13823329460043","25.04924922295663","80.22965167162622","55.12270165065474","52.68102658111824","29.92047265340203"
"IMF.STA:CPI(5.0.0)","TUR.HICP.CP08.POP_PCH_PA_PT.A","OBS_VALUE","Türkiye, Republic of","Harmonised index of consumer prices (HICP)","Communication","Period average, Period-over-period percent change","Annual","Units","1.036044634954792","3.058227413260099","2.757477021024823","2.733760441164478","4.574482361206527","6.358887647573898","4.318665720369026","6.542844507943015","23.93775302997402","42.19765159282602","46.00637704264645","22.6137387303549"
"IMF.STA:CPI(5.0.0)","TUR.HICP.CP02.YOY_PCH_PA_PT.A","OBS_VALUE","Türkiye, Republic of","Harmonised index of consumer prices (HICP)","Alcoholic beverages, tobacco and narcotics","Period average, Year-over-year (YOY) percent change","Annual","Units","4.0470601031479","4.537772667084779","18.12734893875885","15.44153956854839","1.45866306533119","24.35102089983741","16.3658820110433","4.74840686121479","67.69491808294629","52.80297429481347","58.40168224386023","30.85471943046116"
"IMF.STA:CPI(5.0.0)","TUR.HICP.CP01.IX.A","OBS_VALUE","Türkiye, Republic of","Harmonised index of consumer prices (HICP)","Food and non-alcoholic beverages","Index","Annual","Units","89.70833333333332","100","105.4216666666666","118.5308333333333","139.82","167.1375","190.2816666666667","236.4066666666667","438.5925","728.5333333333332","1144.995","1524.146666666667"
"IMF.STA:CPI(5.0.0)","TUR.HICP.CP05.YOY_PCH_PA_PT.A","OBS_VALUE","Türkiye, Republic of","Harmonised index of consumer prices (HICP)","Furnishings, household equipment and routine household maintenance","Period average, Year-over-year (YOY) percent change","Annual","Units","8.330472481878513","8.65415957408274","8.592356794053538","8.170328363248484","23.64571509648124","18.99811235233028","10.13823329460043","25.04924922295663","80.22965167162622","55.12270165065474","52.68102658111824","29.92047265340203"
"IMF.STA:CPI(5.0.0)","TUR.HICP.CP03.POP_PCH_PA_PT.A","OBS_VALUE","Türkiye, Republic of","Harmonised index of consumer prices (HICP)","Clothing and footwear","Period average, Period-over-period percent change","Annual","Units","8.49166083228634","6.080214991027344","7.073392278268971","7.663810346571996","13.64523544464846","5.607149672412672","5.74431561511828","8.345769585673435","31.46981820475882","27.63422027079978","38.8110157278025","12.93174467393591"
"IMF.STA:CPI(5.0.0)","TUR.HICP.CP01.POP_PCH_PA_PT.A","OBS_VALUE","Türkiye, Republic of","Harmonised index of consumer prices (HICP)","Food and non-alcoholic beverages","Period average, Period-over-period percent change","Annual","Units","12.7354983296505","11.47236414305622","5.4216666666666","12.43498332094924","17.96086812854605","19.53761979688171","13.8473811482562","24.24038048857395","85.52459039508189","66.1071115747153","57.1643942166911","33.11382728017738"
"IMF.STA:CPI(5.0.0)","TUR.HICP.CP03.IX.A","OBS_VALUE","Türkiye, Republic of","Harmonised index of consumer prices (HICP)","Clothing and footwear","Index","Annual","Units","94.26749999999998","99.99916666666668","107.0725","115.2783333333333","131.0083333333333","138.3541666666666","146.3016666666667","158.5116666666667","208.395","265.9833333333332","369.2141666666665","416.96"
"IMF.STA:CPI(5.0.0)","TUR.HICP.CP01.YOY_PCH_PA_PT.A","OBS_VALUE","Türkiye, Republic of","Harmonised index of consumer prices (HICP)","Food and non-alcoholic beverages","Period average, Year-over-year (YOY) percent change","Annual","Units","12.7354983296505","11.47236414305622","5.4216666666666","12.43498332094924","17.96086812854605","19.53761979688171","13.8473811482562","24.24038048857395","85.52459039508189","66.1071115747153","57.1643942166911","33.11382728017738"
"IMF.STA:CPI(5.0.0)","TUR.HICP.CP02.POP_PCH_PA_PT.A","OBS_VALUE","Türkiye, Republic of","Harmonised index of consumer prices (HICP)","Alcoholic beverages, tobacco and narcotics","Period average, Period-over-period percent change","Annual","Units","4.0470601031479","4.537772667084779","18.12734893875885","15.44153956854839","1.45866306533119","24.35102089983741","16.3658820110433","4.74840686121479","67.69491808294629","52.80297429481347","58.40168224386023","30.85471943046116"
"IMF.STA:CPI(5.0.0)","TUR.HICP.CP03.YOY_PCH_PA_PT.A","OBS_VALUE","Türkiye, Republic of","Harmonised index of consumer prices (HICP)","Clothing and footwear","Period average, Year-over-year (YOY) percent change","Annual","Units","8.49166083228634","6.080214991027344","7.073392278268971","7.663810346571996","13.64523544464846","5.607149672412672","5.74431561511828","8.345769585673435","31.46981820475882","27.63422027079978","38.8110157278025","12.93174467393591"
"IMF.STA:CPI(5.0.0)","TUR.HICP.CP02.IX.A","OBS_VALUE","Türkiye, Republic of","Harmonised index of consumer prices (HICP)","Alcoholic beverages, tobacco and narcotics","Index","Annual","Units","95.66","100.0008333333333","118.1283333333333","136.3691666666667","138.3583333333333","172.05","200.2075","209.7141666666666","351.68","537.3775","851.215","1113.855"
"IMF.STA:CPI(5.0.0)","TUR.HICP.CP12.POP_PCH_PA_PT.A","OBS_VALUE","Türkiye, Republic of","Harmonised index of consumer prices (HICP)","Miscellaneous goods and services","Period average, Period-over-period percent change","Annual","Units","7.156062543022918","10.12416603191795","11.31009425078544","12.28784691287779","19.86345210155752","22.03909309362755","22.52902273048401","19.50451036919931","63.03998655286405","54.08903373369299","53.49367973177583","34.51897199445278"
"IMF.STA:CPI(5.0.0)","TUR.HICP.CP12.YOY_PCH_PA_PT.A","OBS_VALUE","Türkiye, Republic of","Harmonised index of consumer prices (HICP)","Miscellaneous goods and services","Period average, Year-over-year (YOY) percent change","Annual","Units","7.156062543022918","10.12416603191795","11.31009425078544","12.28784691287779","19.86345210155752","22.03909309362755","22.52902273048401","19.50451036919931","63.03998655286405","54.08903373369299","53.49367973177583","34.51897199445278"
"IMF.STA:CPI(5.0.0)","TUR.HICP.CP07.IX.A","OBS_VALUE","Türkiye, Republic of","Harmonised index of consumer prices (HICP)","Transport","Index","Annual","Units","98.53166666666668","99.99833333333332","107.4375","125.4816666666666","152.7966666666667","167.7666666666667","188.1866666666667","238.26","476.3658333333335","719.6191666666668","1065.771666666667","1338.474166666667"
"IMF.STA:CPI(5.0.0)","TUR.HICP.CP11.IX.A","OBS_VALUE","Türkiye, Republic of","Harmonised index of consumer prices (HICP)","Restaurants and hotels","Index","Annual","Units","88.13833333333332","100.0008333333334","110.185","121.4958333333333","139.8508333333334","164.4025","184.275","223.95","386.3608333333335","701.7841666666668","1237.150833333333","1701.225"
"IMF.STA:CPI(5.0.0)","TUR.HICP.CP04.IX.A","OBS_VALUE","Türkiye, Republic of","Harmonised index of consumer prices (HICP)","Housing, water, electricity, gas and other fuels","Index","Annual","Units","92.91083333333332","99.99833333333332","106.57","115.14","133.3383333333334","151.2283333333333","169.975","200.0925","339.0783333333332","452.7258333333335","798.1741666666665","1274.195833333334"
"IMF.STA:CPI(5.0.0)","TUR.HICP.CP12.IX.A","OBS_VALUE","Türkiye, Republic of","Harmonised index of consumer prices (HICP)","Miscellaneous goods and services","Index","Annual","Units","90.80583333333332","99.99916666666668","111.3091666666667","124.9866666666667","149.8133333333334","182.8308333333333","224.0208333333333","267.715","436.4825","672.5716666666665","1032.355","1388.713333333333"
"IMF.STA:CPI(5.0.0)","TUR.HICP.CP06.POP_PCH_PA_PT.A","OBS_VALUE","Türkiye, Republic of","Harmonised index of consumer prices (HICP)","Health","Period average, Period-over-period percent change","Annual","Units","8.452576129451629","7.340286598565203","9.575","12.4191953760742","12.37721553240431","17.11936237328137","14.38520924781802","18.40649588165782","47.84575507679219","74.50472049243038","64.06435707645412","38.10968994819617"
"IMF.STA:CPI(5.0.0)","TUR.HICP.CP04.YOY_PCH_PA_PT.A","OBS_VALUE","Türkiye, Republic of","Harmonised index of consumer prices (HICP)","Housing, water, electricity, gas and other fuels","Period average, Year-over-year (YOY) percent change","Annual","Units","5.693592575388401","7.62828159615402","6.571776196269952","8.041662756873417","15.80539632910665","13.41699686261757","12.3962661317875","17.7187821738491","69.4607910508056","33.51659154472674","76.30409132826885","59.63882151869539"
"IMF.STA:CPI(5.0.0)","TUR.HICP.CP04.POP_PCH_PA_PT.A","OBS_VALUE","Türkiye, Republic of","Harmonised index of consumer prices (HICP)","Housing, water, electricity, gas and other fuels","Period average, Period-over-period percent change","Annual","Units","5.693592575388401","7.62828159615402","6.571776196269952","8.041662756873417","15.80539632910665","13.41699686261757","12.3962661317875","17.7187821738491","69.4607910508056","33.51659154472674","76.30409132826885","59.63882151869539"
"IMF.STA:CPI(5.0.0)","TUR.HICP.CP06.IX.A","OBS_VALUE","Türkiye, Republic of","Harmonised index of consumer prices (HICP)","Health","Index","Annual","Units","93.16166666666668","100","109.575","123.1833333333333","138.43","162.1283333333334","185.4508333333333","219.5858333333334","324.6483333333332","566.5266666666668","929.4683333333332","1283.685833333333"
"IMF.STA:CPI(5.0.0)","TUR.HICP.CP10.POP_PCH_PA_PT.A","OBS_VALUE","Türkiye, Republic of","Harmonised index of consumer prices (HICP)","Education","Period average, Period-over-period percent change","Annual","Units","9.063867016622948","6.957591315043585","8.2283333333333","9.977362674592269","10.47944438221133","13.53422053231939","10.51312535932169","11.83886217624959","30.33211098666857","60.08863571000385","98.68942514355722","73.02550091669967"
"IMF.STA:CPI(5.0.0)","TUR.HICP.CP10.YOY_PCH_PA_PT.A","OBS_VALUE","Türkiye, Republic of","Harmonised index of consumer prices (HICP)","Education","Period average, Year-over-year (YOY) percent change","Annual","Units","9.063867016622948","6.957591315043585","8.2283333333333","9.977362674592269","10.47944438221133","13.53422053231939","10.51312535932169","11.83886217624959","30.33211098666857","60.08863571000385","98.68942514355722","73.02550091669967"
"IMF.STA:CPI(5.0.0)","TUR.HICP.CP06.YOY_PCH_PA_PT.A","OBS_VALUE","Türkiye, Republic of","Harmonised index of consumer prices (HICP)","Health","Period average, Year-over-year (YOY) percent change","Annual","Units","8.452576129451629","7.340286598565203","9.575","12.4191953760742","12.37721553240431","17.11936237328137","14.38520924781802","18.40649588165782","47.84575507679219","74.50472049243038","64.06435707645412","38.10968994819617"
"IMF.STA:CPI(5.0.0)","TUR.HICP.CP10.IX.A","OBS_VALUE","Türkiye, Republic of","Harmonised index of consumer prices (HICP)","Education","Index","Annual","Units","93.495","100","108.2283333333333","119.0266666666666","131.5","149.2975","164.9933333333333","184.5266666666667","240.4975","385.0091666666665","764.9724999999998","1323.5975"
"IMF.STA:CPI(5.0.0)","TUR.HICP.CP11.YOY_PCH_PA_PT.A","OBS_VALUE","Türkiye, Republic of","Harmonised index of consumer prices (HICP)","Restaurants and hotels","Period average, Year-over-year (YOY) percent change","Annual","Units","13.27863936252246","13.45895656449152","10.18408179931827","10.26531137027118","15.10751397510211","17.55560984620513","12.08771156156384","21.53032153032153","72.52102403810382","81.63957267925273","76.28651259112183","37.51152682137253"
"IMF.STA:CPI(5.0.0)","TUR.HICP.CP09.POP_PCH_PA_PT.A","OBS_VALUE","Türkiye, Republic of","Harmonised index of consumer prices (HICP)","Recreation and culture","Period average, Period-over-period percent change","Annual","Units","7.190192180251842","9.101736521501899","7.022441479654339","9.543868938237802","13.06109393325514","14.60769520935496","7.02323157519401","12.84790207998036","51.00061772133493","50.89502449999863","53.23542955333308","26.56289026725499"
"IMF.STA:CPI(5.0.0)","TUR.HICP._T.YOY_PCH_PA_PT.A","OBS_VALUE","Türkiye, Republic of","Harmonised index of consumer prices (HICP)","All Items","Period average, Year-over-year (YOY) percent change","Annual","Units","8.911510742120668","7.745075152189903","7.6558333333334","11.11799174839567","16.33786137234408","15.18236199349723","12.27814803647361","19.59060265955473","72.28122205143902","53.96804350757335","58.54812319467771","34.90788543400445"
"IMF.STA:CPI(5.0.0)","TUR.HICP.CP07.POP_PCH_PA_PT.A","OBS_VALUE","Türkiye, Republic of","Harmonised index of consumer prices (HICP)","Transport","Period average, Period-over-period percent change","Annual","Units","9.77133679314474","1.488523148226431","7.439290654844262","16.79503587356984","21.76812017691837","9.797334147778091","12.17166699781442","26.6083321524727","99.93529477601507","51.06439553634372","48.10217904609269","25.58732874302344"
"IMF.STA:CPI(5.0.0)","TUR.HICP._T.IX.A","OBS_VALUE","Türkiye, Republic of","Harmonised index of consumer prices (HICP)","All Items","Index","Annual","Units","92.81166666666668","100","107.6558333333334","119.625","139.1691666666666","160.2983333333334","179.98","215.2391666666666","370.8166666666668","570.9391666666668","905.2133333333332","1221.204166666666"
"IMF.STA:CPI(5.0.0)","TUR.HICP.CP09.YOY_PCH_PA_PT.A","OBS_VALUE","Türkiye, Republic of","Harmonised index of consumer prices (HICP)","Recreation and culture","Period average, Year-over-year (YOY) percent change","Annual","Units","7.190192180251842","9.101736521501899","7.022441479654339","9.543868938237802","13.06109393325514","14.60769520935496","7.02323157519401","12.84790207998036","51.00061772133493","50.89502449999863","53.23542955333308","26.56289026725499"
"IMF.STA:CPI(5.0.0)","TUR.HICP.CP09.IX.A","OBS_VALUE","Türkiye, Republic of","Harmonised index of consumer prices (HICP)","Recreation and culture","Index","Annual","Units","91.65833333333335","100.0008333333333","107.0233333333333","117.2375","132.55","151.9125","162.5816666666666","183.47","277.0408333333332","418.0408333333335","640.5866666666668","810.745"
"IMF.STA:CPI(5.0.0)","TUR.HICP.CP11.POP_PCH_PA_PT.A","OBS_VALUE","Türkiye, Republic of","Harmonised index of consumer prices (HICP)","Restaurants and hotels","Period average, Period-over-period percent change","Annual","Units","13.27863936252246","13.45895656449152","10.18408179931827","10.26531137027118","15.10751397510211","17.55560984620513","12.08771156156384","21.53032153032153","72.52102403810382","81.63957267925273","76.28651259112183","37.51152682137253"
"IMF.STA:CPI(5.0.0)","TUR.HICP.CP07.YOY_PCH_PA_PT.A","OBS_VALUE","Türkiye, Republic of","Harmonised index of consumer prices (HICP)","Transport","Period average, Year-over-year (YOY) percent change","Annual","Units","9.77133679314474","1.488523148226431","7.439290654844262","16.79503587356984","21.76812017691837","9.797334147778091","12.17166699781442","26.6083321524727","99.93529477601507","51.06439553634372","48.10217904609269","25.58732874302344"
"IMF.STA:CPI(5.0.0)","TUR.HICP._T.POP_PCH_PA_PT.A","OBS_VALUE","Türkiye, Republic of","Harmonised index of consumer prices (HICP)","All Items","Period average, Period-over-period percent change","Annual","Units","8.911510742120668","7.745075152189903","7.6558333333334","11.11799174839567","16.33786137234408","15.18236199349723","12.27814803647361","19.59060265955473","72.28122205143902","53.96804350757335","58.54812319467771","34.90788543400445"
"IMF.STA:CPI(5.0.0)","BRA.CPI.CP10.IX.A","OBS_VALUE","Brazil","Consumer price index (CPI)","Education","Index","Annual","Units","4760.116666666668","5173.803333333332","5648.4625","6082.9275","6409.6875","","","","","","",""
"IMF.STA:CPI(5.0.0)","BRA.CPI.CP02.IX.A","OBS_VALUE","Brazil","Consumer price index (CPI)","Alcoholic beverages, tobacco and narcotics","Index","Annual","Units","5990.070833333335","6483.594166666668","7219.804166666665","7619.725833333335","7800.876666666668","","","","","","",""
"IMF.STA:CPI(5.0.0)","BRA.CPI.CP07.IX.A","OBS_VALUE","Brazil","Consumer price index (CPI)","Transport","Index","Annual","Units","3845.459166666668","4155.338333333335","4440.855","4566.3125","4853.359166666668","","","","","","",""
"IMF.STA:CPI(5.0.0)","BRA.CPI.CP12.IX.A","OBS_VALUE","Brazil","Consumer price index (CPI)","Miscellaneous goods and services","Index","Annual","Units","3907.6475","4248.520833333332","4576.930833333332","4757.969166666665","4962.335","","","","","","",""
"IMF.STA:CPI(5.0.0)","BRA.CPI.CP08.IX.A","OBS_VALUE","Brazil","Consumer price index (CPI)","Communication","Index","Annual","Units","6447.874166666665","6436.980833333332","6602.629166666665","6725.339999999998","6754.278333333332","","","","","","",""
"IMF.STA:CPI(5.0.0)","BRA.CPI.CP01.IX.A","OBS_VALUE","Brazil","Consumer price index (CPI)","Food and non-alcoholic beverages","Index","Annual","Units","","","","","","","","","","","",""
"IMF.STA:CPI(5.0.0)","BRA.CPI.CP04.IX.A","OBS_VALUE","Brazil","Consumer price index (CPI)","Housing, water, electricity, gas and other fuels","Index","Annual","Units","6223.245833333335","7266.195833333335","7791.076666666668","8120.947500000002","8594.099166666665","","","","","","",""
"IMF.STA:CPI(5.0.0)","BRA.CPI.CP05.IX.A","OBS_VALUE","Brazil","Consumer price index (CPI)","Furnishings, household equipment and routine household maintenance","Index","Annual","Units","1981.8275","2073.635833333333","2188.990833333333","2181.160833333334","2194.7225","","","","","","",""
"IMF.STA:CPI(5.0.0)","BRA.CPI.CP03.IX.A","OBS_VALUE","Brazil","Consumer price index (CPI)","Clothing and footwear","Index","Annual","Units","2504.819166666668","2594.4125","2728.509166666668","2796.621666666668","2841.604166666668","","","","","","",""
"IMF.STA:CPI(5.0.0)","BRA.CPI._T.IX.A","OBS_VALUE","Brazil","Consumer price index (CPI)","All Items","Index","Annual","Units","3953.153333333332","4310.119166666668","4686.786666666668","4848.310833333332","5025.994166666668","5213.613333333335","5381.0625","5827.78","6368.604166666668","6661.15","6952.073333333335","7300.841666666668"
"IMF.STA:CPI(5.0.0)","BRA.CPI._T.POP_PCH_PA_PT.A","OBS_VALUE","Brazil","Consumer price index (CPI)","All Items","Period average, Period-over-period percent change","Annual","Units","6.329040155161408","9.029901024161373","8.73914352329392","3.446373350326676","3.664850283767272","3.732976212168975","3.21176803803373","8.301659755856766","9.280106089568721","4.593562822832035","4.367464076523348","5.016752796048367"
"IMF.STA:CPI(5.0.0)","BRA.CPI.CP06.IX.A","OBS_VALUE","Brazil","Consumer price index (CPI)","Health","Index","Annual","Units","4273.005833333332","4610.326666666668","5123.609166666665","5532.770833333332","5830.636666666668","","","","","","",""
"IMF.STA:CPI(5.0.0)","BRA.CPI.CP09.IX.A","OBS_VALUE","Brazil","Consumer price index (CPI)","Recreation and culture","Index","Annual","Units","2868.399166666668","3075.811666666668","3388.463333333332","3481.8275","3521.504166666668","","","","","","",""
"IMF.STA:CPI(5.0.0)","BRA.CPI._T.YOY_PCH_PA_PT.A","OBS_VALUE","Brazil","Consumer price index (CPI)","All Items","Period average, Year-over-year (YOY) percent change","Annual","Units","6.329040155161408","9.029901024161373","8.73914352329392","3.446373350326676","3.664850283767272","3.732976212168975","3.21176803803373","8.301659755856766","9.280106089568721","4.593562822832035","4.367464076523348","5.016752796048367"
"IMF.STA:CPI(5.0.0)","BRA.CPI.CP11.IX.A","OBS_VALUE","Brazil","Consumer price index (CPI)","Restaurants and hotels","Index","Annual","Units","5557.373333333332","6101.336666666665","6617.998333333332","6934.495833333332","7154.370833333335","","","","","","",""
"IMF.STA:CPI(5.0.0)","DEU.HICP.CP09.POP_PCH_PA_PT.A","OBS_VALUE","Germany","Harmonised index of consumer prices (HICP)","Recreation and culture","Period average, Period-over-period percent change","Annual","Units","0.6352567496029645","5.207785376117833","0.4666666666667","1.9907100199071","1.797332465842485","0.09586961732044423","-0.4469630457338336","1.539324941874352","5.700750098697232","5.931127212967836","2.891192440589549","1.52148584744012"
"IMF.STA:CPI(5.0.0)","DEU.HICP.CP03.IX.A","OBS_VALUE","Germany","Harmonised index of consumer prices (HICP)","Clothing and footwear","Index","Annual","Units","99.35","100","100.5833333333333","102.0666666666667","102.35","104.0833333333333","103.25","105.0833333333334","107.6833333333334","112.1833333333333","115.5833333333333","116.4083333333333"
"IMF.STA:CPI(5.0.0)","DEU.HICP.CP02.POP_PCH_PA_PT.A","OBS_VALUE","Germany","Harmonised index of consumer prices (HICP)","Alcoholic beverages, tobacco and narcotics","Period average, Period-over-period percent change","Annual","Units","3.032974783988718","2.704090364538781","2.249625062489584","2.526075619295925","3.234779844221936","2.41743013318956","2.382921145606285","2.555066079295154","4.975658648339003","8.811293732524154","4.399874647445864","3.067779312001009"
"IMF.STA:CPI(5.0.0)","DEU.HICP.CP09.YOY_PCH_PA_PT.A","OBS_VALUE","Germany","Harmonised index of consumer prices (HICP)","Recreation and culture","Period average, Year-over-year (YOY) percent change","Annual","Units","0.6352567496029645","5.207785376117833","0.4666666666667","1.9907100199071","1.797332465842485","0.09586961732044423","-0.4469630457338336","1.539324941874352","5.700750098697232","5.931127212967836","2.891192440589549","1.52148584744012"
"IMF.STA:CPI(5.0.0)","DEU.HICP.CP05.POP_PCH_PA_PT.A","OBS_VALUE","Germany","Harmonised index of consumer prices (HICP)","Furnishings, household equipment and routine household maintenance","Period average, Period-over-period percent change","Annual","Units","0.379075056861218","0.7217186975495671","0.5999000166637892","0.4638065264204409","0.7831821929101734","0.8016359918200736","0.1622981416863101","2.341408085554434","6.982267257758079","6.519165310048872","0.3195554011809379","0.00000000000008309673845301577"
"IMF.STA:CPI(5.0.0)","DEU.HICP.CP06.YOY_PCH_PA_PT.A","OBS_VALUE","Germany","Harmonised index of consumer prices (HICP)","Health","Period average, Year-over-year (YOY) percent change","Annual","Units","2.015222279882377","1.738024586689292","1.4083333333333","1.594214808119024","1.124322575426644","1.11182210846271","0.6645043904754369","0.4636542239685028","1.37672090112644","2.9475308641975","2.72073152450916","2.670558190441356"
"IMF.STA:CPI(5.0.0)","DEU.HICP.CP06.IX.A","OBS_VALUE","Germany","Harmonised index of consumer prices (HICP)","Health","Index","Annual","Units","98.29166666666665","100","101.4083333333333","103.025","104.1833333333333","105.3416666666667","106.0416666666667","106.5333333333333","108","111.1833333333333","114.2083333333334","117.2583333333333"
"IMF.STA:CPI(5.0.0)","DEU.HICP.CP08.POP_PCH_PA_PT.A","OBS_VALUE","Germany","Harmonised index of consumer prices (HICP)","Communication","Period average, Period-over-period percent change","Annual","Units","-1.275593110172214","-1.242696074397136","-1.01666666666668","-0.6735140596059674","-0.6865570435667061","-0.7851839207988528","-1.815053763440877","-0.1314175573856667","-0.0438634967979472","0.1930840793399895","-0.7095304835318852","-0.8469342743713843"
"IMF.STA:CPI(5.0.0)","DEU.HICP.CP05.IX.A","OBS_VALUE","Germany","Harmonised index of consumer prices (HICP)","Furnishings, household equipment and routine household maintenance","Index","Annual","Units","99.29999999999998","100.0166666666667","100.6166666666666","101.0833333333333","101.875","102.6916666666667","102.8583333333334","105.2666666666666","112.6166666666666","119.9583333333333","120.3416666666666","120.3416666666667"
"IMF.STA:CPI(5.0.0)","DEU.HICP.CP08.IX.A","OBS_VALUE","Germany","Harmonised index of consumer prices (HICP)","Communication","Index","Annual","Units","101.2583333333333","100","98.98333333333332","98.31666666666668","97.64166666666668","96.875","95.11666666666665","94.99166666666665","94.95","95.13333333333332","94.45833333333332","93.65833333333335"
"IMF.STA:CPI(5.0.0)","DEU.HICP.CP12.POP_PCH_PA_PT.A","OBS_VALUE","Germany","Harmonised index of consumer prices (HICP)","Miscellaneous goods and services","Period average, Period-over-period percent change","Annual","Units","1.703475432289009","1.010015991919821","1.816515290392501","-0.0572878304280874","1.187356698329578","2.282107307598932","1.883060368700119","3.315989749165145","2.675886951292783","6.456808199121525","6.195846513547024","5.523538172634823"
"IMF.STA:CPI(5.0.0)","DEU.HICP.CP10.IX.A","OBS_VALUE","Germany","Harmonised index of consumer prices (HICP)","Education","Index","Annual","Units","100.8083333333334","99.99166666666668","101.4666666666666","102.3","102.8583333333333","101.4916666666667","100.725","102.1833333333333","104.225","108.1916666666667","113.6166666666667","119.05"
"IMF.STA:CPI(5.0.0)","DEU.HICP.CP06.POP_PCH_PA_PT.A","OBS_VALUE","Germany","Harmonised index of consumer prices (HICP)","Health","Period average, Period-over-period percent change","Annual","Units","2.015222279882377","1.738024586689292","1.4083333333333","1.594214808119024","1.124322575426644","1.11182210846271","0.6645043904754369","0.4636542239685028","1.37672090112644","2.9475308641975","2.72073152450916","2.670558190441356"
"IMF.STA:CPI(5.0.0)","DEU.HICP.CP03.POP_PCH_PA_PT.A","OBS_VALUE","Germany","Harmonised index of consumer prices (HICP)","Clothing and footwear","Period average, Period-over-period percent change","Annual","Units","1.016776817488561","0.6542526421741319","0.5833333333333","1.474730737365435","0.2775963422599281","1.693535254844455","-0.8006405124098962","1.775625504439128","2.47422680412371","4.178919671877323","3.030753231317784","0.7137707281903391"
"IMF.STA:CPI(5.0.0)","DEU.HICP.CP08.YOY_PCH_PA_PT.A","OBS_VALUE","Germany","Harmonised index of consumer prices (HICP)","Communication","Period average, Year-over-year (YOY) percent change","Annual","Units","-1.275593110172214","-1.242696074397136","-1.01666666666668","-0.6735140596059674","-0.6865570435667061","-0.7851839207988528","-1.815053763440877","-0.1314175573856667","-0.0438634967979472","0.1930840793399895","-0.7095304835318852","-0.8469342743713843"
"IMF.STA:CPI(5.0.0)","DEU.HICP.CP04.YOY_PCH_PA_PT.A","OBS_VALUE","Germany","Harmonised index of consumer prices (HICP)","Housing, water, electricity, gas and other fuels","Period average, Year-over-year (YOY) percent change","Annual","Units","0.5968169761273212","-1.120632827949888","-0.7499999999999801","1.486146095717884","2.002151071399057","2.043961391840376","0.4212701693029488","2.619914516384326","13.86810644041647","5.967621757095468","0.7223216568652005","1.053500031731904"
"IMF.STA:CPI(5.0.0)","DEU.HICP.CP01.POP_PCH_PA_PT.A","OBS_VALUE","Germany","Harmonised index of consumer prices (HICP)","Food and non-alcoholic beverages","Period average, Period-over-period percent change","Annual","Units","0.9313351960037389","0.6459189665296266","0.9584930821803102","2.790390489556809","2.337161673761046","1.232145660021944","2.263741375300474","3.085437040406277","12.56802470951614","12.66087410988437","2.325311684546269","2.618157089425366"
"IMF.STA:CPI(5.0.0)","DEU.HICP.CP01.YOY_PCH_PA_PT.A","OBS_VALUE","Germany","Harmonised index of consumer prices (HICP)","Food and non-alcoholic beverages","Period average, Year-over-year (YOY) percent change","Annual","Units","0.9313351960037389","0.6459189665296266","0.9584930821803102","2.790390489556809","2.337161673761046","1.232145660021944","2.263741375300474","3.085437040406277","12.56802470951614","12.66087410988437","2.325311684546269","2.618157089425366"
"IMF.STA:CPI(5.0.0)","DEU.HICP.CP09.IX.A","OBS_VALUE","Germany","Harmonised index of consumer prices (HICP)","Recreation and culture","Index","Annual","Units","95.05","100","100.4666666666667","102.4666666666667","104.3083333333333","104.4083333333333","103.9416666666667","105.5416666666666","111.5583333333333","118.175","121.5916666666667","123.4416666666666"
"IMF.STA:CPI(5.0.0)","DEU.HICP.CP12.YOY_PCH_PA_PT.A","OBS_VALUE","Germany","Harmonised index of consumer prices (HICP)","Miscellaneous goods and services","Period average, Year-over-year (YOY) percent change","Annual","Units","1.703475432289009","1.010015991919821","1.816515290392501","-0.0572878304280874","1.187356698329578","2.282107307598932","1.883060368700119","3.315989749165145","2.675886951292783","6.456808199121525","6.195846513547024","5.523538172634823"
"IMF.STA:CPI(5.0.0)","DEU.HICP.CP10.POP_PCH_PA_PT.A","OBS_VALUE","Germany","Harmonised index of consumer prices (HICP)","Education","Period average, Period-over-period percent change","Annual","Units","-2.372689855540215","-0.810118211126778","1.475122926910496","0.8212877792379112","0.5457803844900293","-1.32868832536654","-0.7553986369981441","1.447836518573641","1.998042733648704","3.805868713520461","5.014249403065546","4.782162241455155"
"IMF.STA:CPI(5.0.0)","DEU.HICP.CP01.IX.A","OBS_VALUE","Germany","Harmonised index of consumer prices (HICP)","Food and non-alcoholic beverages","Index","Annual","Units","99.34166666666668","99.98333333333332","100.9416666666666","103.7583333333334","106.1833333333333","107.4916666666666","109.925","113.3166666666666","127.5583333333333","143.7083333333333","147.05","150.9"
"IMF.STA:CPI(5.0.0)","DEU.HICP.CP12.IX.A","OBS_VALUE","Germany","Harmonised index of consumer prices (HICP)","Miscellaneous goods and services","Index","Annual","Units","99.00833333333335","100.0083333333333","101.825","101.7666666666666","102.975","105.325","107.3083333333334","110.8666666666667","113.8333333333333","121.1833333333333","128.6916666666667","135.8"
"IMF.STA:CPI(5.0.0)","DEU.HICP.CP10.YOY_PCH_PA_PT.A","OBS_VALUE","Germany","Harmonised index of consumer prices (HICP)","Education","Period average, Year-over-year (YOY) percent change","Annual","Units","-2.372689855540215","-0.810118211126778","1.475122926910496","0.8212877792379112","0.5457803844900293","-1.32868832536654","-0.7553986369981441","1.447836518573641","1.998042733648704","3.805868713520461","5.014249403065546","4.782162241455155"
"IMF.STA:CPI(5.0.0)","DEU.HICP.CP02.IX.A","OBS_VALUE","Germany","Harmonised index of consumer prices (HICP)","Alcoholic beverages, tobacco and narcotics","Index","Annual","Units","97.38333333333335","100.0166666666667","102.2666666666667","104.85","108.2416666666667","110.8583333333333","113.5","116.4","122.1916666666666","132.9583333333334","138.8083333333333","143.0666666666667"
"IMF.STA:CPI(5.0.0)","DEU.HICP.CP02.YOY_PCH_PA_PT.A","OBS_VALUE","Germany","Harmonised index of consumer prices (HICP)","Alcoholic beverages, tobacco and narcotics","Period average, Year-over-year (YOY) percent change","Annual","Units","3.032974783988718","2.704090364538781","2.249625062489584","2.526075619295925","3.234779844221936","2.41743013318956","2.382921145606285","2.555066079295154","4.975658648339003","8.811293732524154","4.399874647445864","3.067779312001009"
"IMF.STA:CPI(5.0.0)","DEU.HICP.CP11.YOY_PCH_PA_PT.A","OBS_VALUE","Germany","Harmonised index of consumer prices (HICP)","Restaurants and hotels","Period average, Year-over-year (YOY) percent change","Annual","Units","2.130446171308813","2.598956997520698","1.949837513540539","2.018798528810855","2.235218714949527","2.750568137293315","2.104942037827852","2.644158948311923","7.371561635860898","8.342934598441263","6.11785312148122","3.731431266210872"
"IMF.STA:CPI(5.0.0)","DEU.HICP.CP05.YOY_PCH_PA_PT.A","OBS_VALUE","Germany","Harmonised index of consumer prices (HICP)","Furnishings, household equipment and routine household maintenance","Period average, Year-over-year (YOY) percent change","Annual","Units","0.379075056861218","0.7217186975495671","0.5999000166637892","0.4638065264204409","0.7831821929101734","0.8016359918200736","0.1622981416863101","2.341408085554434","6.982267257758079","6.519165310048872","0.3195554011809379","0.00000000000008309673845301577"
"IMF.STA:CPI(5.0.0)","DEU.HICP.CP07.YOY_PCH_PA_PT.A","OBS_VALUE","Germany","Harmonised index of consumer prices (HICP)","Transport","Period average, Year-over-year (YOY) percent change","Annual","Units","-0.1476983671123985","-1.388774755526402","-0.81666666666668","2.823054948748191","3.268507926131588","1.242285171704448","-1.789761625634982","8.538914531274802","11.12984822934233","2.606056607508109","0.8101851851851852","1.970914657481822"
"IMF.STA:CPI(5.0.0)","DEU.HICP.CP04.POP_PCH_PA_PT.A","OBS_VALUE","Germany","Harmonised index of consumer prices (HICP)","Housing, water, electricity, gas and other fuels","Period average, Period-over-period percent change","Annual","Units","0.5968169761273212","-1.120632827949888","-0.7499999999999801","1.486146095717884","2.002151071399057","2.043961391840376","0.4212701693029488","2.619914516384326","13.86810644041647","5.967621757095468","0.7223216568652005","1.053500031731904"
"IMF.STA:CPI(5.0.0)","DEU.HICP.CP07.POP_PCH_PA_PT.A","OBS_VALUE","Germany","Harmonised index of consumer prices (HICP)","Transport","Period average, Period-over-period percent change","Annual","Units","-0.1476983671123985","-1.388774755526402","-0.81666666666668","2.823054948748191","3.268507926131588","1.242285171704448","-1.789761625634982","8.538914531274802","11.12984822934233","2.606056607508109","0.8101851851851852","1.970914657481822"
"IMF.STA:CPI(5.0.0)","DEU.HICP.CP11.IX.A","OBS_VALUE","Germany","Harmonised index of consumer prices (HICP)","Restaurants and hotels","Index","Annual","Units","97.475","100.0083333333333","101.9583333333333","104.0166666666667","106.3416666666667","109.2666666666667","111.5666666666666","114.5166666666666","122.9583333333333","133.2166666666667","141.3666666666666","146.6416666666667"
"IMF.STA:CPI(5.0.0)","DEU.HICP.CP11.POP_PCH_PA_PT.A","OBS_VALUE","Germany","Harmonised index of consumer prices (HICP)","Restaurants and hotels","Period average, Period-over-period percent change","Annual","Units","2.130446171308813","2.598956997520698","1.949837513540539","2.018798528810855","2.235218714949527","2.750568137293315","2.104942037827852","2.644158948311923","7.371561635860898","8.342934598441263","6.11785312148122","3.731431266210872"
"IMF.STA:CPI(5.0.0)","DEU.HICP.CP03.YOY_PCH_PA_PT.A","OBS_VALUE","Germany","Harmonised index of consumer prices (HICP)","Clothing and footwear","Period average, Year-over-year (YOY) percent change","Annual","Units","1.016776817488561","0.6542526421741319","0.5833333333333","1.474730737365435","0.2775963422599281","1.693535254844455","-0.8006405124098962","1.775625504439128","2.47422680412371","4.178919671877323","3.030753231317784","0.7137707281903391"
"IMF.STA:CPI(5.0.0)","DEU.HICP.CP07.IX.A","OBS_VALUE","Germany","Harmonised index of consumer prices (HICP)","Transport","Index","Annual","Units","101.4083333333334","100","99.18333333333332","101.9833333333334","105.3166666666666","106.625","104.7166666666667","113.6583333333333","126.3083333333333","129.6","130.65","133.225"
"IMF.STA:CPI(5.0.0)","DEU.HICP.CP04.IX.A","OBS_VALUE","Germany","Harmonised index of consumer prices (HICP)","Housing, water, electricity, gas and other fuels","Index","Annual","Units","101.1333333333333","99.99999999999998","99.25","100.725","102.7416666666667","104.8416666666667","105.2833333333334","108.0416666666667","123.025","130.3666666666667","131.3083333333333","132.6916666666666"
"IMF.STA:CPI(5.0.0)","FRA.HICP.CP01.IX.A","OBS_VALUE","France","Harmonised index of consumer prices (HICP)","Food and non-alcoholic beverages","Index","Annual","Units","99.59583333333335","100","100.555","101.6483333333333","103.6458333333333","106.185","108.3283333333333","108.995","116.9266666666666","131.3716666666666","133.1633333333333","134.8858333333334"
"IMF.STA:CPI(5.0.0)","FRA.HICP.CP05.YOY_PCH_PA_PT.A","OBS_VALUE","France","Harmonised index of consumer prices (HICP)","Furnishings, household equipment and routine household maintenance","Period average, Year-over-year (YOY) percent change","Annual","Units","-0.1189693757852893","-0.04664489904704474","-0.12666666666668","-0.2277885321406816","0.2283085929332753","0.1585341432480609","0.6106399640114634","1.432463091305065","5.695463710500255","6.52234356415762","-0.04060236508779538","-0.2277557356001945"
"IMF.STA:CPI(5.0.0)","FRA.HICP.CP08.YOY_PCH_PA_PT.A","OBS_VALUE","France","Harmonised index of consumer prices (HICP)","Communication","Period average, Year-over-year (YOY) percent change","Annual","Units","-0.6316121901152858","0.3621400553664641","0.7091666666667","-4.186146577190139","-2.030364792040905","-2.60575982228644","-0.1104222292618944","2.048693855730605","0.1154283278875124","-3.735565922273267","-7.790532697020522","-8.029094978318662"
"IMF.STA:CPI(5.0.0)","FRA.HICP.CP02.YOY_PCH_PA_PT.A","OBS_VALUE","France","Harmonised index of consumer prices (HICP)","Alcoholic beverages, tobacco and narcotics","Period average, Year-over-year (YOY) percent change","Annual","Units","3.641544181521213","0.580849565829698","0.4599961666985105","1.635795044503314","7.640073454397027","6.65953929909167","7.545372470124901","3.332826556850432","1.317767471613574","7.694541781102983","6.046127148652793","2.355087486524587"
"IMF.STA:CPI(5.0.0)","FRA.HICP.CP03.POP_PCH_PA_PT.A","OBS_VALUE","France","Harmonised index of consumer prices (HICP)","Clothing and footwear","Period average, Period-over-period percent change","Annual","Units","0.04795290693835573","-0.8338153871580528","0.199998333347122","0.05488976305918948","0.1587605043763373","-0.2456472306593636","-0.4484118400692997","0.1529294769477617","2.704303856616008","2.652595318758342","0.4368747625680635","0.7840572401184512"
"IMF.STA:CPI(5.0.0)","FRA.HICP.CP03.YOY_PCH_PA_PT.A","OBS_VALUE","France","Harmonised index of consumer prices (HICP)","Clothing and footwear","Period average, Year-over-year (YOY) percent change","Annual","Units","0.04795290693835573","-0.8338153871580528","0.199998333347122","0.05488976305918948","0.1587605043763373","-0.2456472306593636","-0.4484118400692997","0.1529294769477617","2.704303856616008","2.652595318758342","0.4368747625680635","0.7840572401184512"
"IMF.STA:CPI(5.0.0)","FRA.HICP.CP09.YOY_PCH_PA_PT.A","OBS_VALUE","France","Harmonised index of consumer prices (HICP)","Recreation and culture","Period average, Year-over-year (YOY) percent change","Annual","Units","-0.3692399810390777","0.163601913140736","1.080842340352823","0.2127028096557182","0.9214011879493558","0.5339354712490668","0.8578679791451481","1.287915939768722","2.971688004508233","3.838653233949821","2.166828739616725","0.7963264357125961"
"IMF.STA:CPI(5.0.0)","FRA.HICP.CP03.IX.A","OBS_VALUE","France","Harmonised index of consumer prices (HICP)","Clothing and footwear","Index","Annual","Units","100.8416666666667","100.0008333333334","100.2008333333333","100.2558333333333","100.415","100.1683333333334","99.71916666666665","99.87166666666665","102.5725","105.2933333333334","105.7533333333334","106.5825"
"IMF.STA:CPI(5.0.0)","FRA.HICP.CP05.IX.A","OBS_VALUE","France","Harmonised index of consumer prices (HICP)","Furnishings, household equipment and routine household maintenance","Index","Annual","Units","100.0466666666666","100","99.87333333333332","99.64583333333335","99.87333333333332","100.0316666666666","100.6425","102.0841666666667","107.8983333333333","114.9358333333333","114.8891666666666","114.6275"
"IMF.STA:CPI(5.0.0)","FRA.HICP.CP08.IX.A","OBS_VALUE","France","Harmonised index of consumer prices (HICP)","Communication","Index","Annual","Units","99.63916666666665","100","100.7091666666667","96.49333333333332","94.53416666666665","92.07083333333335","91.96916666666668","93.85333333333332","93.96166666666668","90.45166666666668","83.405","76.70833333333332"
"IMF.STA:CPI(5.0.0)","FRA.HICP.CP02.IX.A","OBS_VALUE","France","Harmonised index of consumer prices (HICP)","Alcoholic beverages, tobacco and narcotics","Index","Annual","Units","99.42333333333332","100.0008333333334","100.4608333333333","102.1041666666667","109.905","117.2241666666667","126.0691666666667","130.2708333333334","131.9875","142.1433333333333","150.7375","154.2875"
"IMF.STA:CPI(5.0.0)","FRA.HICP.CP01.POP_PCH_PA_PT.A","OBS_VALUE","France","Harmonised index of consumer prices (HICP)","Food and non-alcoholic beverages","Period average, Period-over-period percent change","Annual","Units","-0.8322408270963837","0.4058068024933941","0.555","1.087298824855353","1.965108462181706","2.449849246231189","2.01848974274455","0.6154130190624492","7.277092221355659","12.35389702947717","1.363815130101646","1.293524243410424"
"IMF.STA:CPI(5.0.0)","FRA.HICP.CP05.POP_PCH_PA_PT.A","OBS_VALUE","France","Harmonised index of consumer prices (HICP)","Furnishings, household equipment and routine household maintenance","Period average, Period-over-period percent change","Annual","Units","-0.1189693757852893","-0.04664489904704474","-0.12666666666668","-0.2277885321406816","0.2283085929332753","0.1585341432480609","0.6106399640114634","1.432463091305065","5.695463710500255","6.52234356415762","-0.04060236508779538","-0.2277557356001945"
"IMF.STA:CPI(5.0.0)","FRA.HICP.CP01.YOY_PCH_PA_PT.A","OBS_VALUE","France","Harmonised index of consumer prices (HICP)","Food and non-alcoholic beverages","Period average, Year-over-year (YOY) percent change","Annual","Units","-0.8322408270963837","0.4058068024933941","0.555","1.087298824855353","1.965108462181706","2.449849246231189","2.01848974274455","0.6154130190624492","7.277092221355659","12.35389702947717","1.363815130101646","1.293524243410424"
"IMF.STA:CPI(5.0.0)","FRA.HICP.CP08.POP_PCH_PA_PT.A","OBS_VALUE","France","Harmonised index of consumer prices (HICP)","Communication","Period average, Period-over-period percent change","Annual","Units","-0.6316121901152858","0.3621400553664641","0.7091666666667","-4.186146577190139","-2.030364792040905","-2.60575982228644","-0.1104222292618944","2.048693855730605","0.1154283278875124","-3.735565922273267","-7.790532697020522","-8.029094978318662"
"IMF.STA:CPI(5.0.0)","FRA.HICP.CP02.POP_PCH_PA_PT.A","OBS_VALUE","France","Harmonised index of consumer prices (HICP)","Alcoholic beverages, tobacco and narcotics","Period average, Period-over-period percent change","Annual","Units","3.641544181521213","0.580849565829698","0.4599961666985105","1.635795044503314","7.640073454397027","6.65953929909167","7.545372470124901","3.332826556850432","1.317767471613574","7.694541781102983","6.046127148652793","2.355087486524587"
"IMF.STA:CPI(5.0.0)","FRA.HICP.CP10.YOY_PCH_PA_PT.A","OBS_VALUE","France","Harmonised index of consumer prices (HICP)","Education","Period average, Year-over-year (YOY) percent change","Annual","Units","2.403641142121171","1.978397396129887","1.953349611246747","2.283743246446531","1.968242805884749","2.364420062695861","2.106157697696318","2.287655209645492","2.782603596273217","3.770637948864217","4.426743275006614","2.947815957299697"
"IMF.STA:CPI(5.0.0)","FRA.HICP.CP04.IX.A","OBS_VALUE","France","Harmonised index of consumer prices (HICP)","Housing, water, electricity, gas and other fuels","Index","Annual","Units","99.59","100.0008333333334","99.88333333333332","101.4808333333333","103.8991666666666","105.4558333333333","105.2391666666667","109.1666666666666","119.3408333333333","125.7758333333333","131.4116666666666","131.1791666666667"
"IMF.STA:CPI(5.0.0)","FRA.HICP.CP10.POP_PCH_PA_PT.A","OBS_VALUE","France","Harmonised index of consumer prices (HICP)","Education","Period average, Period-over-period percent change","Annual","Units","2.403641142121171","1.978397396129887","1.953349611246747","2.283743246446531","1.968242805884749","2.364420062695861","2.106157697696318","2.287655209645492","2.782603596273217","3.770637948864217","4.426743275006614","2.947815957299697"
"IMF.STA:CPI(5.0.0)","FRA.HICP.CP04.POP_PCH_PA_PT.A","OBS_VALUE","France","Harmonised index of consumer prices (HICP)","Housing, water, electricity, gas and other fuels","Period average, Period-over-period percent change","Annual","Units","1.752234993614304","0.4125246845400141","-0.1174990208415729","1.599365926914714","2.383044417254458","1.498247499578952","-0.2054572609385604","3.73197557943405","9.319847328244311","5.392119210384824","4.480855490257112","-0.1769249305616448"
"IMF.STA:CPI(5.0.0)","FRA.HICP.CP06.IX.A","OBS_VALUE","France","Harmonised index of consumer prices (HICP)","Health","Index","Annual","Units","100.6641666666667","100.0016666666667","99.42083333333332","99.70666666666665","99.8875","99.44583333333332","99.45083333333335","98.79666666666668","99.61916666666665","100.9841666666666","106.1375","108.2358333333333"
"IMF.STA:CPI(5.0.0)","FRA.HICP._T.POP_PCH_PA_PT.A","OBS_VALUE","France","Harmonised index of consumer prices (HICP)","All Items","Period average, Period-over-period percent change","Annual","Units","0.6108971292869924","0.08674111946092395","0.3049974583544135","1.162278697649755","2.09910812542079","1.298241662778914","0.5240757210011438","2.066416000505547","5.905798223075291","5.664155272830939","2.317523548694967","0.9273716583866166"
"IMF.STA:CPI(5.0.0)","FRA.HICP.CP07.IX.A","OBS_VALUE","France","Harmonised index of consumer prices (HICP)","Transport","Index","Annual","Units","101.6608333333333","99.99916666666668","98.94583333333332","102.0191666666666","106.365","107.4608333333333","105.2041666666667","109.9408333333333","120.8658333333334","125.9641666666666","126.7775","126.6033333333333"
"IMF.STA:CPI(5.0.0)","FRA.HICP.CP07.YOY_PCH_PA_PT.A","OBS_VALUE","France","Harmonised index of consumer prices (HICP)","Transport","Period average, Year-over-year (YOY) percent change","Annual","Units","0.2662962628113982","-1.634520013443349","-1.053342111184286","3.10607655703873","4.259820458574029","1.030257446841818","-2.099989918807566","4.50235652897138","9.937163171099701","4.218175800991345","0.6456862732126733","-0.1373797926814301"
"IMF.STA:CPI(5.0.0)","FRA.HICP.CP07.POP_PCH_PA_PT.A","OBS_VALUE","France","Harmonised index of consumer prices (HICP)","Transport","Period average, Period-over-period percent change","Annual","Units","0.2662962628113982","-1.634520013443349","-1.053342111184286","3.10607655703873","4.259820458574029","1.030257446841818","-2.099989918807566","4.50235652897138","9.937163171099701","4.218175800991345","0.6456862732126733","-0.1373797926814301"
"IMF.STA:CPI(5.0.0)","FRA.HICP._T.YOY_PCH_PA_PT.A","OBS_VALUE","France","Harmonised index of consumer prices (HICP)","All Items","Period average, Year-over-year (YOY) percent change","Annual","Units","0.6108971292869924","0.08674111946092395","0.3049974583544135","1.162278697649755","2.09910812542079","1.298241662778914","0.5240757210011438","2.066416000505547","5.905798223075291","5.664155272830939","2.317523548694967","0.9273716583866166"
"IMF.STA:CPI(5.0.0)","TUR.HICP._T.SRP_IX.A","OBS_VALUE","Türkiye, Republic of","Harmonised index of consumer prices (HICP)","All Items","Standard reference period (2010=100), Index","Annual","Units","135.754074182421","146.2683292500091","157.4663887568411","174.9734888653234","203.5604149144938","234.4656939822772","263.2537389841664","314.8267329749757","542.3873429139089","835.1031801172584","1324.040418814982","1786.234931314829"
"IMF.STA:CPI(5.0.0)","FRA.HICP._T.SRP_IX.A","OBS_VALUE","France","Harmonised index of consumer prices (HICP)","All Items","Standard reference period (2010=100), Index","Annual","Units","106.2408067060095","106.3329611710707","106.6572740000354","107.8969287752318","110.1618019742321","111.5919683839296","112.1767947968171","114.4948340333528","121.2566679072075","128.1248338561327","131.0941570524749","132.3098871107804"
"IMF.STA:CPI(5.0.0)","FRA.HICP.CP12.POP_PCH_PA_PT.A","OBS_VALUE","France","Harmonised index of consumer prices (HICP)","Miscellaneous goods and services","Period average, Period-over-period percent change","Annual","Units","0.8424771546013657","1.059457638537999","1.147519125318705","1.222657054582938","1.204632953222768","1.035877721390682","0.7633709314080895","1.744268718499677","3.150767892914298","3.959293047902899","3.783885542168763","3.71220471891607"
"IMF.STA:CPI(5.0.0)","FRA.HICP.CP12.YOY_PCH_PA_PT.A","OBS_VALUE","France","Harmonised index of consumer prices (HICP)","Miscellaneous goods and services","Period average, Year-over-year (YOY) percent change","Annual","Units","0.8424771546013657","1.059457638537999","1.147519125318705","1.222657054582938","1.204632953222768","1.035877721390682","0.7633709314080895","1.744268718499677","3.150767892914298","3.959293047902899","3.783885542168763","3.71220471891607"
"IMF.STA:CPI(5.0.0)","FRA.HICP.CP11.POP_PCH_PA_PT.A","OBS_VALUE","France","Harmonised index of consumer prices (HICP)","Restaurants and hotels","Period average, Period-over-period percent change","Annual","Units","2.700802777175089","1.40615361214168","1.724152298730776","1.649873023675006","2.148544534347634","1.415384615384615","0.8821882001493652","0.8413146408797483","4.670831772055975","5.058556222009544","3.098726712609844","2.37290650694405"
"IMF.STA:CPI(5.0.0)","FRA.HICP.CP04.YOY_PCH_PA_PT.A","OBS_VALUE","France","Harmonised index of consumer prices (HICP)","Housing, water, electricity, gas and other fuels","Period average, Year-over-year (YOY) percent change","Annual","Units","1.752234993614304","0.4125246845400141","-0.1174990208415729","1.599365926914714","2.383044417254458","1.498247499578952","-0.2054572609385604","3.73197557943405","9.319847328244311","5.392119210384824","4.480855490257112","-0.1769249305616448"
"IMF.STA:CPI(5.0.0)","FRA.HICP.CP12.IX.A","OBS_VALUE","France","Harmonised index of consumer prices (HICP)","Miscellaneous goods and services","Index","Annual","Units","98.95","99.99833333333335","101.1458333333333","102.3825","103.6158333333333","104.6891666666666","105.4883333333333","107.3283333333333","110.71","115.0933333333333","119.4483333333334","123.8825"
"IMF.STA:CPI(5.0.0)","FRA.HICP.CP06.POP_PCH_PA_PT.A","OBS_VALUE","France","Harmonised index of consumer prices (HICP)","Health","Period average, Period-over-period percent change","Annual","Units","0.06212620731929555","-0.6581289270428899","-0.5808236529391642","0.2874984283978006","0.1813653383257723","-0.4421641012806207","0.005027862739377384","-0.6577789695075488","0.8325179661931609","1.370218247827092","5.103110223549966","1.976995249872383"
"IMF.STA:CPI(5.0.0)","FRA.HICP.CP06.YOY_PCH_PA_PT.A","OBS_VALUE","France","Harmonised index of consumer prices (HICP)","Health","Period average, Year-over-year (YOY) percent change","Annual","Units","0.06212620731929555","-0.6581289270428899","-0.5808236529391642","0.2874984283978006","0.1813653383257723","-0.4421641012806207","0.005027862739377384","-0.6577789695075488","0.8325179661931609","1.370218247827092","5.103110223549966","1.976995249872383"
"IMF.STA:CPI(5.0.0)","FRA.HICP.CP09.POP_PCH_PA_PT.A","OBS_VALUE","France","Harmonised index of consumer prices (HICP)","Recreation and culture","Period average, Period-over-period percent change","Annual","Units","-0.3692399810390777","0.163601913140736","1.080842340352823","0.2127028096557182","0.9214011879493558","0.5339354712490668","0.8578679791451481","1.287915939768722","2.971688004508233","3.838653233949821","2.166828739616725","0.7963264357125961"
"IMF.STA:CPI(5.0.0)","FRA.HICP.CP11.IX.A","OBS_VALUE","France","Harmonised index of consumer prices (HICP)","Restaurants and hotels","Index","Annual","Units","98.61416666666665","100.0008333333334","101.725","103.4033333333334","105.625","107.12","108.065","108.9741666666667","114.0641666666666","119.8341666666666","123.5475","126.4791666666667"
"IMF.STA:CPI(5.0.0)","FRA.HICP.CP09.IX.A","OBS_VALUE","France","Harmonised index of consumer prices (HICP)","Recreation and culture","Index","Annual","Units","99.83583333333335","99.99916666666668","101.08","101.295","102.2283333333333","102.7741666666667","103.6558333333333","104.9908333333334","108.1108333333333","112.2608333333334","114.6933333333333","115.6066666666666"
"IMF.STA:CPI(5.0.0)","FRA.HICP.CP11.YOY_PCH_PA_PT.A","OBS_VALUE","France","Harmonised index of consumer prices (HICP)","Restaurants and hotels","Period average, Year-over-year (YOY) percent change","Annual","Units","2.700802777175089","1.40615361214168","1.724152298730776","1.649873023675006","2.148544534347634","1.415384615384615","0.8821882001493652","0.8413146408797483","4.670831772055975","5.058556222009544","3.098726712609844","2.37290650694405"
"IMF.STA:CPI(5.0.0)","FRA.HICP.CP10.IX.A","OBS_VALUE","France","Harmonised index of consumer prices (HICP)","Education","Index","Annual","Units","98.05916666666668","99.99916666666668","101.9525","104.2808333333334","106.3333333333334","108.8475","111.14","113.6825","116.8458333333333","121.2516666666666","126.6191666666667","130.3516666666666"
"IMF.STA:CPI(5.0.0)","FRA.HICP._T.IX.A","OBS_VALUE","France","Harmonised index of consumer prices (HICP)","All Items","Index","Annual","Units","99.91416666666668","100.0008333333334","100.3058333333333","101.4716666666667","103.6016666666666","104.9466666666666","105.4966666666666","107.6766666666666","114.0358333333333","120.495","123.2875","124.4308333333334"
"IMF.STA:CPI(5.0.0)","DEU.CPI.CP06.YOY_PCH_PA_PT.A","OBS_VALUE","Germany","Consumer price index (CPI)","Health","Period average, Year-over-year (YOY) percent change","Annual","Units","2.012917795908167","1.543843965861676","1.124905359148832","1.351355192982","0.9186967693391326","1.007006992669526","1.288065986001314","0.5333333333334","1.28481432360736","2.987151158032507","2.781309599491547","2.829751043760536"
"IMF.STA:CPI(5.0.0)","BRA.CPI._T.SRP_POP_PCH_PA_PT.A","OBS_VALUE","Brazil","Consumer price index (CPI)","All Items","Standard reference period (2010=100), Period average, Period-over-period percent change","Annual","Units","6.329040155161389","9.029901024161364","8.739143523293931","3.446373350326692","3.664850283767288","3.732976212168936","3.211768038033762","8.301659755856731","9.280106089568728","4.593562822832039","4.367464076523365","5.01675279604836"
"IMF.STA:CPI(5.0.0)","BRA.CPI._T.SRP_IX.A","OBS_VALUE","Brazil","Consumer price index (CPI)","All Items","Standard reference period (2010=100), Index","Annual","Units","126.9272128656112","138.3886145601025","150.4825942064079","155.6687862300178","161.3738141839057","167.3978602800606","172.774291252888","187.1174250582957","204.4821206157748","213.8751352877196","223.2160549900265","234.4142526699675"
"IMF.STA:CPI(5.0.0)","BRA.CPI._T.SRP_YOY_PCH_PA_PT.A","OBS_VALUE","Brazil","Consumer price index (CPI)","All Items","Standard reference period (2010=100), Period average, Year-over-year (YOY) percent change","Annual","Units","6.329040155161389","9.029901024161364","8.739143523293931","3.446373350326692","3.664850283767288","3.732976212168936","3.211768038033762","8.301659755856731","9.280106089568728","4.593562822832039","4.367464076523365","5.01675279604836"
"IMF.STA:CPI(5.0.0)","DEU.CPI.CP03.IX.A","OBS_VALUE","Germany","Consumer price index (CPI)","Clothing and footwear","Index","Annual","Units","98.24007416666668","98.29829166666668","99.0437175","99.65807833333335","99.92839583333335","101.3045875","100.0083333333333","101.475","102.275","106.1333333333333","109.3166666666667","110.15"
"IMF.STA:CPI(5.0.0)","DEU.CPI.CP03.POP_PCH_PA_PT.A","OBS_VALUE","Germany","Consumer price index (CPI)","Clothing and footwear","Period average, Period-over-period percent change","Annual","Units","0.9976102356367529","0.05926043978878985","0.7583304050299144","0.6202925827509958","0.2712449452375051","1.37717778334193","-1.279561171567576","1.466544454628815","0.7883715200788372","3.772508759064581","2.999371859296546","0.7623113279463026"
"IMF.STA:CPI(5.0.0)","DEU.CPI.CP01.IX.A","OBS_VALUE","Germany","Consumer price index (CPI)","Food and non-alcoholic beverages","Index","Annual","Units","90.75934583333332","91.300365","92.03837833333332","94.57957","96.7403475","97.90442666666668","100","103.0916666666666","116.0416666666667","130.25","132.8","136.225"
"IMF.STA:CPI(5.0.0)","DEU.CPI.CP02.POP_PCH_PA_PT.A","OBS_VALUE","Germany","Consumer price index (CPI)","Alcoholic beverages, tobacco and narcotics","Period average, Period-over-period percent change","Annual","Units","3.051769822656108","2.583271940140677","2.241665019265707","2.42888466948775","3.143152705166246","2.515045183877713","1.954327996063669","3.558926487747874","4.160965794768679","8.599907278627724","4.453930985414472","3.25590899802463"
"IMF.STA:CPI(5.0.0)","DEU.CPI.CP03.YOY_PCH_PA_PT.A","OBS_VALUE","Germany","Consumer price index (CPI)","Clothing and footwear","Period average, Year-over-year (YOY) percent change","Annual","Units","0.9976102356367529","0.05926043978878985","0.7583304050299144","0.6202925827509958","0.2712449452375051","1.37717778334193","-1.279561171567576","1.466544454628815","0.7883715200788372","3.772508759064581","2.999371859296546","0.7623113279463026"
"IMF.STA:CPI(5.0.0)","DEU.CPI.CP08.IX.A","OBS_VALUE","Germany","Consumer price index (CPI)","Communication","Index","Annual","Units","107.96725","106.5871083333333","105.2549833333333","103.9850333333333","102.8927166666666","102.1822333333333","100","99.38333333333335","99.40833333333335","99.75","99.075","98.40833333333335"
"IMF.STA:CPI(5.0.0)","DEU.CPI.CP10.YOY_PCH_PA_PT.A","OBS_VALUE","Germany","Consumer price index (CPI)","Education","Period average, Year-over-year (YOY) percent change","Annual","Units","-2.102686992333096","-0.1713876054894285","1.866822227638944","0.8017626491534401","0.917152605030629","-0.3458310399441048","-0.7387919551926237","2.525420903483864","2.30875538574103","3.845848232022312","4.912388093962718","4.879293997520241"
"IMF.STA:CPI(5.0.0)","DEU.CPI.CP08.YOY_PCH_PA_PT.A","OBS_VALUE","Germany","Consumer price index (CPI)","Communication","Period average, Year-over-year (YOY) percent change","Annual","Units","-1.222114324797378","-1.278296582219794","-1.24979936207107","-1.206546198366855","-1.050455658522685","-0.6905088682175597","-2.135628927011741","-0.61666666666665","0.02515512326010397","0.3437002263391566","-0.6766917293233083","-0.6728909075615948"
"IMF.STA:CPI(5.0.0)","DEU.CPI.CP08.POP_PCH_PA_PT.A","OBS_VALUE","Germany","Consumer price index (CPI)","Communication","Period average, Period-over-period percent change","Annual","Units","-1.222114324797378","-1.278296582219794","-1.24979936207107","-1.206546198366855","-1.050455658522685","-0.6905088682175597","-2.135628927011741","-0.61666666666665","0.02515512326010397","0.3437002263391566","-0.6766917293233083","-0.6728909075615948"
"IMF.STA:CPI(5.0.0)","DEU.CPI.CP10.POP_PCH_PA_PT.A","OBS_VALUE","Germany","Consumer price index (CPI)","Education","Period average, Period-over-period percent change","Annual","Units","-2.102686992333096","-0.1713876054894285","1.866822227638944","0.8017626491534401","0.917152605030629","-0.3458310399441048","-0.7387919551926237","2.525420903483864","2.30875538574103","3.845848232022312","4.912388093962718","4.879293997520241"
"IMF.STA:CPI(5.0.0)","DEU.CPI.CP10.IX.A","OBS_VALUE","Germany","Consumer price index (CPI)","Education","Index","Annual","Units","97.70834916666668","97.54088916666668","99.36180416666668","100.15845","101.0770558333333","100.7275","99.98333333333335","102.5083333333333","104.875","108.9083333333334","114.2583333333333","119.8333333333333"
"IMF.STA:CPI(5.0.0)","DEU.CPI.CP04.IX.A","OBS_VALUE","Germany","Consumer price index (CPI)","Housing, water, electricity, gas and other fuels","Index","Annual","Units","94.66083916666668","94.2374325","94.22957749999998","95.40764083333332","97.09620333333335","98.8554475","100","101.6666666666667","109.0583333333333","114.525","115.925","117.5"
"IMF.STA:CPI(5.0.0)","DEU.CPI.CP05.YOY_PCH_PA_PT.A","OBS_VALUE","Germany","Consumer price index (CPI)","Furnishings, household equipment and routine household maintenance","Period average, Year-over-year (YOY) percent change","Annual","Units","0.4164622033243076","0.8128494200011736","0.6250505139282239","0.4472445661759376","0.7008615113620646","0.7860462084518931","0.2057708804067205","2.725","7.601200616532782","6.430940892641799","0.2975136360415668","-0.01412529133407727"
"IMF.STA:CPI(5.0.0)","DEU.CPI.CP01.YOY_PCH_PA_PT.A","OBS_VALUE","Germany","Consumer price index (CPI)","Food and non-alcoholic beverages","Period average, Year-over-year (YOY) percent change","Annual","Units","1.034428495914324","0.5961029816810106","0.8083355782129896","2.761013082459258","2.284613368405037","1.203302651633208","2.140427562553508","3.0916666666666","12.56163608439102","12.24416517055652","1.957773512476008","2.579066265060241"
"IMF.STA:CPI(5.0.0)","DEU.CPI.CP05.POP_PCH_PA_PT.A","OBS_VALUE","Germany","Consumer price index (CPI)","Furnishings, household equipment and routine household maintenance","Period average, Period-over-period percent change","Annual","Units","0.4164622033243076","0.8128494200011736","0.6250505139282239","0.4472445661759376","0.7008615113620646","0.7860462084518931","0.2057708804067205","2.725","7.601200616532782","6.430940892641799","0.2975136360415668","-0.01412529133407727"
"IMF.STA:CPI(5.0.0)","DEU.CPI.CP04.YOY_PCH_PA_PT.A","OBS_VALUE","Germany","Consumer price index (CPI)","Housing, water, electricity, gas and other fuels","Period average, Year-over-year (YOY) percent change","Annual","Units","0.8529076595635977","-0.4472880975851057","-0.008335328957545612","1.250205471136003","1.769839905118043","1.81185680415034","1.15780417664894","1.6666666666667","7.270491803278621","5.012607931535143","1.22244051517136","1.358637049816692"
"IMF.STA:CPI(5.0.0)","DEU.CPI.CP01.POP_PCH_PA_PT.A","OBS_VALUE","Germany","Consumer price index (CPI)","Food and non-alcoholic beverages","Period average, Period-over-period percent change","Annual","Units","1.034428495914324","0.5961029816810106","0.8083355782129896","2.761013082459258","2.284613368405037","1.203302651633208","2.140427562553508","3.0916666666666","12.56163608439102","12.24416517055652","1.957773512476008","2.579066265060241"
"IMF.STA:CPI(5.0.0)","DEU.CPI.CP02.IX.A","OBS_VALUE","Germany","Consumer price index (CPI)","Alcoholic beverages, tobacco and narcotics","Index","Annual","Units","86.33105166666665","88.5612175","90.54646333333332","92.7457325","95.6608725","98.06678666666665","99.98333333333335","103.5416666666666","107.85","117.125","122.3416666666667","126.325"
"IMF.STA:CPI(5.0.0)","DEU.CPI.CP11.POP_PCH_PA_PT.A","OBS_VALUE","Germany","Consumer price index (CPI)","Restaurants and hotels","Period average, Period-over-period percent change","Annual","Units","2.107745683880664","2.748624835168491","2.224813940202849","2.078580798500988","2.195957689284742","2.586340416296542","2.026473085525266","2.683109740854894","7.571208309664852","8.13216656608325","6.195060694851402","3.810274602548995"
"IMF.STA:CPI(5.0.0)","DEU.CPI.CP11.YOY_PCH_PA_PT.A","OBS_VALUE","Germany","Consumer price index (CPI)","Restaurants and hotels","Period average, Year-over-year (YOY) percent change","Annual","Units","2.107745683880664","2.748624835168491","2.224813940202849","2.078580798500988","2.195957689284742","2.586340416296542","2.026473085525266","2.683109740854894","7.571208309664852","8.13216656608325","6.195060694851402","3.810274602548995"
"IMF.STA:CPI(5.0.0)","DEU.CPI.CP12.IX.A","OBS_VALUE","Germany","Consumer price index (CPI)","Miscellaneous goods and services","Index","Annual","Units","91.14034","92.32158333333332","94.360525","94.57596083333332","95.66083","97.79209583333332","100.0083333333334","103.8083333333334","106.0833333333333","112.9833333333333","120.2","126.9916666666667"
"IMF.STA:CPI(5.0.0)","DEU.CPI.CP12.POP_PCH_PA_PT.A","OBS_VALUE","Germany","Consumer price index (CPI)","Miscellaneous goods and services","Period average, Period-over-period percent change","Annual","Units","1.71793367310118","1.296070799531053","2.208521120467511","0.228311397518528","1.147087650083189","2.227939934593208","2.266274672931854","3.799683359720021","2.191538893794556","6.504320502749413","6.387372768844994","5.650305047143677"
"IMF.STA:CPI(5.0.0)","DEU.CPI.CP06.POP_PCH_PA_PT.A","OBS_VALUE","Germany","Consumer price index (CPI)","Health","Period average, Period-over-period percent change","Annual","Units","2.012917795908167","1.543843965861676","1.124905359148832","1.351355192982","0.9186967693391326","1.007006992669526","1.288065986001314","0.5333333333334","1.28481432360736","2.987151158032507","2.781309599491547","2.829751043760536"
"IMF.STA:CPI(5.0.0)","DEU.CPI.CP11.IX.A","OBS_VALUE","Germany","Consumer price index (CPI)","Restaurants and hotels","Index","Annual","Units","87.20333416666668","89.60022666666665","91.593665","93.49751333333332","95.55067916666668","98.02194500000002","100.0083333333334","102.6916666666667","110.4666666666667","119.45","126.85","131.6833333333334"
"IMF.STA:CPI(5.0.0)","DEU.CPI.CP06.IX.A","OBS_VALUE","Germany","Consumer price index (CPI)","Health","Index","Annual","Units","93.06305333333335","94.49980166666665","95.562835","96.85422833333332","97.744025","98.72831416666665","100","100.5333333333334","101.825","104.8666666666666","107.7833333333334","110.8333333333333"
"IMF.STA:CPI(5.0.0)","DEU.CPI.CP04.POP_PCH_PA_PT.A","OBS_VALUE","Germany","Consumer price index (CPI)","Housing, water, electricity, gas and other fuels","Period average, Period-over-period percent change","Annual","Units","0.8529076595635977","-0.4472880975851057","-0.008335328957545612","1.250205471136003","1.769839905118043","1.81185680415034","1.15780417664894","1.6666666666667","7.270491803278621","5.012607931535143","1.22244051517136","1.358637049816692"
"IMF.STA:CPI(5.0.0)","DEU.CPI.CP05.IX.A","OBS_VALUE","Germany","Consumer price index (CPI)","Furnishings, household equipment and routine household maintenance","Index","Annual","Units","96.4969625","97.2813375","97.889395","98.3272","99.0163375","99.79465166666668","100","102.725","110.5333333333333","117.6416666666667","117.9916666666666","117.975"
"IMF.STA:CPI(5.0.0)","DEU.CPI.CP07.IX.A","OBS_VALUE","Germany","Consumer price index (CPI)","Transport","Index","Annual","Units","97.37958166666668","95.90351416666668","94.99250583333332","97.6775825","100.8341475","102.0967583333333","100","107.65","119.975","123.6416666666667","124.7583333333333","127.1416666666667"
"IMF.STA:CPI(5.0.0)","DEU.CPI.CP07.YOY_PCH_PA_PT.A","OBS_VALUE","Germany","Consumer price index (CPI)","Transport","Period average, Year-over-year (YOY) percent change","Annual","Units","-0.2402726121953017","-1.515787472832472","-0.9499217429615321","2.82661947183256","3.23161663015155","1.252165922594129","-2.053697264792329","7.65","11.44914073385973","3.056192262276891","0.9031475365639413","1.910360029390208"
"IMF.STA:CPI(5.0.0)","DEU.CPI.CP09.POP_PCH_PA_PT.A","OBS_VALUE","Germany","Consumer price index (CPI)","Recreation and culture","Period average, Period-over-period percent change","Annual","Units","1.334197007385014","3.480310440237681","0.6500071984254925","1.432339379779854","1.297862658493331","0.588238439192274","-4.64133246997277","2.849525079153576","4.860661049902785","5.670580964153212","1.83506360579035","1.320984995333534"
"IMF.STA:CPI(5.0.0)","DEU.CPI.CP12.YOY_PCH_PA_PT.A","OBS_VALUE","Germany","Consumer price index (CPI)","Miscellaneous goods and services","Period average, Year-over-year (YOY) percent change","Annual","Units","1.71793367310118","1.296070799531053","2.208521120467511","0.228311397518528","1.147087650083189","2.227939934593208","2.266274672931854","3.799683359720021","2.191538893794556","6.504320502749413","6.387372768844994","5.650305047143677"
"IMF.STA:CPI(5.0.0)","DEU.CPI._T.POP_PCH_PA_PT.A","OBS_VALUE","Germany","Consumer price index (CPI)","All Items","Period average, Period-over-period percent change","Annual","Units","0.9067940004342138","0.5144261371254551","0.4917470084452129","1.509494851096218","1.732168797669476","1.445659768882532","0.1448779258139629","3.0666666666667","6.872574385510962","5.946436677258284","2.256498143387575","2.171787709497235"
"IMF.STA:CPI(5.0.0)","DEU.CPI._T.YOY_PCH_PA_PT.A","OBS_VALUE","Germany","Consumer price index (CPI)","All Items","Period average, Year-over-year (YOY) percent change","Annual","Units","0.9067940004342138","0.5144261371254551","0.4917470084452129","1.509494851096218","1.732168797669476","1.445659768882532","0.1448779258139629","3.0666666666667","6.872574385510962","5.946436677258284","2.256498143387575","2.171787709497235"
"IMF.STA:CPI(5.0.0)","DEU.CPI.CP09.IX.A","OBS_VALUE","Germany","Consumer price index (CPI)","Recreation and culture","Index","Annual","Units","97.43539333333335","100.8264475","101.4818266666667","102.9353908333333","104.2713508333333","104.884715","100.0166666666666","102.8666666666667","107.8666666666667","113.9833333333333","116.075","117.6083333333334"
"IMF.STA:CPI(5.0.0)","DEU.CPI._T.IX.A","OBS_VALUE","Germany","Consumer price index (CPI)","All Items","Index","Annual","Units","94.36566916666668","94.85111083333335","95.31753833333332","96.75635166666665","98.432335","99.85533166666668","100","103.0666666666667","110.15","116.7","119.3333333333333","121.925"
"IMF.STA:CPI(5.0.0)","DEU.CPI.CP09.YOY_PCH_PA_PT.A","OBS_VALUE","Germany","Consumer price index (CPI)","Recreation and culture","Period average, Year-over-year (YOY) percent change","Annual","Units","1.334197007385014","3.480310440237681","0.6500071984254925","1.432339379779854","1.297862658493331","0.588238439192274","-4.64133246997277","2.849525079153576","4.860661049902785","5.670580964153212","1.83506360579035","1.320984995333534"
"IMF.STA:CPI(5.0.0)","DEU.CPI.CP07.POP_PCH_PA_PT.A","OBS_VALUE","Germany","Consumer price index (CPI)","Transport","Period average, Period-over-period percent change","Annual","Units","-0.2402726121953017","-1.515787472832472","-0.9499217429615321","2.82661947183256","3.23161663015155","1.252165922594129","-2.053697264792329","7.65","11.44914073385973","3.056192262276891","0.9031475365639413","1.910360029390208"
"IMF.STA:CPI(5.0.0)","DEU.CPI.CP02.YOY_PCH_PA_PT.A","OBS_VALUE","Germany","Consumer price index (CPI)","Alcoholic beverages, tobacco and narcotics","Period average, Year-over-year (YOY) percent change","Annual","Units","3.051769822656108","2.583271940140677","2.241665019265707","2.42888466948775","3.143152705166246","2.515045183877713","1.954327996063669","3.558926487747874","4.160965794768679","8.599907278627724","4.453930985414472","3.25590899802463"
"IMF.STA:CPI(5.0.0)","EGY.CPI.CP09.IX.A","OBS_VALUE","Egypt, Arab Republic of","Consumer price index (CPI)","Recreation and culture","Index","Annual","Units","47.15007558733618","53.09799977233952","60.40200379536768","81.90354593319472","95.80868968036288","106.3990154018317","113.7780285639425","124.3421978980911","155.2","195.7916666666667","285.125",""
"IMF.STA:CPI(5.0.0)","EGY.CPI.CP03.IX.A","OBS_VALUE","Egypt, Arab Republic of","Consumer price index (CPI)","Clothing and footwear","Index","Annual","Units","54.46248141654145","58.74053036293232","65.46488178456428","81.7635756031723","95.92554599864658","102.9361813627987","105.5173486369676","107.8779447130818","118.4333333333334","141.9833333333333","176.8916666666667",""
"IMF.STA:CPI(5.0.0)","EGY.CPI.CP06.IX.A","OBS_VALUE","Egypt, Arab Republic of","Consumer price index (CPI)","Health","Index","Annual","Units","58.32059291128695","60.88568384432068","75.36764443676922","91.36375448294452","97.35478429600418","104.896264098062","114.0683416013054","118.2275827648853","125.125","146.9916666666667","186.6833333333333",""
"IMF.STA:CPI(5.0.0)","EGY.CPI.CP11.IX.A","OBS_VALUE","Egypt, Arab Republic of","Consumer price index (CPI)","Restaurants and hotels","Index","Annual","Units","48.00866031681882","55.15938105390692","66.94857335050472","85.34224464086938","94.34357989022795","105.2467113291376","114.416135259546","118.7160899658494","140.7833333333334","203.8916666666666","276.45",""
"IMF.STA:CPI(5.0.0)","EGY.CPI.CP08.IX.A","OBS_VALUE","Egypt, Arab Republic of","Consumer price index (CPI)","Communication","Index","Annual","Units","88.59654473342452","88.4846613781069","89.02699269255102","93.28845192969","99.9793322508887","100.7008293780498","104.1094749869786","104.6224999062282","105.45","107.0333333333333","122.8666666666667",""
"IMF.STA:CPI(5.0.0)","EGY.CPI.CP10.IX.A","OBS_VALUE","Egypt, Arab Republic of","Consumer price index (CPI)","Education","Index","Annual","Units","51.3601234568183","62.00698886449645","69.14618927987428","79.03358421916355","93.39814749197692","108.92832901849","132.1364424907314","155.7943642379455","175.025","189.5","221.4",""
"IMF.STA:CPI(5.0.0)","EGY.CPI._T.IX.A","OBS_VALUE","Egypt, Arab Republic of","Consumer price index (CPI)","All Items","Index","Annual","Units","50.62539610304932","55.87549791728328","63.59391917015175","82.35832786208778","94.2191342667378","102.8428228046656","108.0311741971116","113.6639729926915","129.4583333333333","173.325","222.325","253.6139392548072"
"IMF.STA:CPI(5.0.0)","EGY.CPI._T.POP_PCH_PA_PT.A","OBS_VALUE","Egypt, Arab Republic of","Consumer price index (CPI)","All Items","Period average, Period-over-period percent change","Annual","Units","10.07021546874814","10.370490343517","13.81360621482896","29.50660839400387","14.40146578074217","9.152799593248038","5.04493288977539","5.214049405130415","13.8956609775178","33.88477631155459","28.27058993220828","14.07351366459337"
"IMF.STA:CPI(5.0.0)","EGY.CPI._T.YOY_PCH_PA_PT.A","OBS_VALUE","Egypt, Arab Republic of","Consumer price index (CPI)","All Items","Period average, Year-over-year (YOY) percent change","Annual","Units","10.07021546874814","10.370490343517","13.81360621482896","29.50660839400387","14.40146578074217","9.152799593248038","5.04493288977539","5.214049405130415","13.8956609775178","33.88477631155459","28.27058993220828","14.07351366459337"
"IMF.STA:CPI(5.0.0)","EGY.CPI.CP07.IX.A","OBS_VALUE","Egypt, Arab Republic of","Consumer price index (CPI)","Transport","Index","Annual","Units","43.97890135727895","48.8134192416787","52.34080555425772","67.44740406362342","88.11711093626258","106.8497594630493","117.4607505147506","123.3885933883554","138.0166666666666","161.9083333333333","202.5",""
"IMF.STA:CPI(5.0.0)","EGY.CPI.CP04.IX.A","OBS_VALUE","Egypt, Arab Republic of","Consumer price index (CPI)","Housing, water, electricity, gas and other fuels","Index","Annual","Units","66.28681391002715","71.2200340836964","74.85116287968395","82.16479057170652","93.97360851479125","102.9901361256942","107.1401131802756","111.4276957966755","117.9833333333334","126.425","141.3833333333334",""
"IMF.STA:CPI(5.0.0)","EGY.CPI.CP12.IX.A","OBS_VALUE","Egypt, Arab Republic of","Consumer price index (CPI)","Miscellaneous goods and services","Index","Annual","Units","54.80705524294885","56.8201495315186","64.1089094655317","82.39870790941438","96.19667905526875","102.998564669309","108.1204706095882","114.8477094971669","127","161.4583333333334","196.8083333333334",""
"IMF.STA:CPI(5.0.0)","EGY.CPI.CP05.IX.A","OBS_VALUE","Egypt, Arab Republic of","Consumer price index (CPI)","Furnishings, household equipment and routine household maintenance","Index","Annual","Units","57.51626706239888","60.1866256673827","68.81729357335305","88.6983246031111","97.83889577856428","100.8254456787776","104.3442748729322","107.6072551696582","122.1166666666666","168.2833333333333","214.0833333333334",""
"IMF.STA:CPI(5.0.0)","EGY.CPI.CP02.IX.A","OBS_VALUE","Egypt, Arab Republic of","Consumer price index (CPI)","Alcoholic beverages, tobacco and narcotics","Index","Annual","Units","44.78458029265515","54.77636082777108","59.87058303391052","79.06487967709318","95.25414328768898","100.9536367572828","110.3214392391975","116.1679249928922","125.3833333333333","180.4416666666666","279.35",""
"IMF.STA:CPI(5.0.0)","SAU.CPI._T.SRP_POP_PCH_PA_PT.A","OBS_VALUE","Saudi Arabia","Consumer price index (CPI)","All Items","Standard reference period (2010=100), Period average, Period-over-period percent change","Annual","Units","2.241853487790632","1.22269318552328","2.05347076823965","-0.8348457350271624","2.465943089948431","-1.192986445333281","3.372349610123027","3.063289889415482","2.474073719253717","2.327085183627063","1.687921123758088","2.084208535850356"
"IMF.STA:CPI(5.0.0)","SAU.CPI._T.SRP_YOY_PCH_PA_PT.A","OBS_VALUE","Saudi Arabia","Consumer price index (CPI)","All Items","Standard reference period (2010=100), Period average, Year-over-year (YOY) percent change","Annual","Units","2.241853487790632","1.22269318552328","2.05347076823965","-0.8348457350271624","2.465943089948431","-1.192986445333281","3.372349610123027","3.063289889415482","2.474073719253717","2.327085183627063","1.687921123758088","2.084208535850356"
"IMF.STA:CPI(5.0.0)","CAN.CPI._T.SRP_POP_PCH_PA_PT.A","OBS_VALUE","Canada","Consumer price index (CPI)","All Items","Standard reference period (2010=100), Period average, Period-over-period percent change","Annual","Units","1.906635907178614","1.125241360942775","1.428759547010855","1.596884128529766","2.268225672481033","1.949269024115927","0.7169996323078274","3.395193185275278","6.802801153416128","3.879001597884255","2.381583832811731","2.072324111491031"
"IMF.STA:CPI(5.0.0)","CAN.CPI._T.SRP_IX.A","OBS_VALUE","Canada","Consumer price index (CPI)","All Items","Standard reference period (2010=100), Index","Annual","Units","107.4627933600457","108.6720091585574","110.2246708643388","111.9848311390956","114.5248998282771","116.7572982255295","117.5944476244991","121.5870062965082","129.8583285632512","134.8955352032055","138.1081854607899","140.9702346880366"
"IMF.STA:CPI(5.0.0)","CAN.CPI._T.SRP_YOY_PCH_PA_PT.A","OBS_VALUE","Canada","Consumer price index (CPI)","All Items","Standard reference period (2010=100), Period average, Year-over-year (YOY) percent change","Annual","Units","1.906635907178614","1.125241360942775","1.428759547010855","1.596884128529766","2.268225672481033","1.949269024115927","0.7169996323078274","3.395193185275278","6.802801153416128","3.879001597884255","2.381583832811731","2.072324111491031"
"IMF.STA:CPI(5.0.0)","ZAF.CPI._T.SRP_IX.A","OBS_VALUE","South Africa","Consumer price index (CPI)","All Items","Standard reference period (2010=100), Index","Annual","Units","124.6458440006827","130.2782044717528","138.8803550093873","146.0829493087558","152.6711042840075","158.9349718381977","164.0723672981737","171.6504522956136","183.7344256699095","194.8967400580304","203.3964840416454","209.916367980884"
"IMF.STA:CPI(5.0.0)","ZAF.CPI._T.SRP_YOY_PCH_PA_PT.A","OBS_VALUE","South Africa","Consumer price index (CPI)","All Items","Standard reference period (2010=100), Period average, Year-over-year (YOY) percent change","Annual","Units","6.132829530591491","4.518690948925061","6.602908423948717","5.186186555241493","4.509872648673875","4.102850754611558","3.232388316151135","4.61874544887136","7.039872725464818","6.075243845796597","4.361152465189621","3.205504741126034"
"IMF.STA:CPI(5.0.0)","ZAF.CPI._T.SRP_POP_PCH_PA_PT.A","OBS_VALUE","South Africa","Consumer price index (CPI)","All Items","Standard reference period (2010=100), Period average, Period-over-period percent change","Annual","Units","6.132829530591491","4.518690948925061","6.602908423948717","5.186186555241493","4.509872648673875","4.102850754611558","3.232388316151135","4.61874544887136","7.039872725464818","6.075243845796597","4.361152465189621","3.205504741126034"
"IMF.STA:CPI(5.0.0)","CHL.CPI._T.SRP_IX.A","OBS_VALUE","Chile","Consumer price index (CPI)","All Items","Standard reference period (2010=100), Index","Annual","Units","113.4669963448721","118.4014190496667","122.8843259514083","125.566544829069","128.6239518383143","131.9135669748441","135.9309825843904","142.0812728445496","158.6250268759407","170.651472801548","177.9854569069256","185.4838703258779"
"IMF.STA:CPI(5.0.0)","CHL.CPI._T.SRP_POP_PCH_PA_PT.A","OBS_VALUE","Chile","Consumer price index (CPI)","All Items","Standard reference period (2010=100), Period average, Period-over-period percent change","Annual","Units","4.718675278546717","4.348773532170441","3.786193558931184","2.182718468685193","2.434889813530572","2.557544757033266","3.045490848043265","4.524568382591437","11.64386671105596","7.581682514079624","4.29763891572524","4.212936016942926"
"IMF.STA:CPI(5.0.0)","CHL.CPI._T.SRP_YOY_PCH_PA_PT.A","OBS_VALUE","Chile","Consumer price index (CPI)","All Items","Standard reference period (2010=100), Period average, Year-over-year (YOY) percent change","Annual","Units","4.718675278546717","4.348773532170441","3.786193558931184","2.182718468685193","2.434889813530572","2.557544757033266","3.045490848043265","4.524568382591437","11.64386671105596","7.581682514079624","4.29763891572524","4.212936016942926"
"IMF.STA:CPI(5.0.0)","SAU.CPI._T.SRP_IX.A","OBS_VALUE","Saudi Arabia","Consumer price index (CPI)","All Items","Standard reference period (2010=100), Index","Annual","Units","115.2077400368712","116.6163772234974","119.011060440762","118.0175016784617","120.9277461060315","119.4850944863395","123.5145496044047","127.2981583143935","130.4476085943439","133.4832355663387","135.7363272961387","138.5653554158946"
"IMF.STA:CPI(5.0.0)","GBR.CPI.CP03.IX.A","OBS_VALUE","United Kingdom","Consumer price index (CPI)","Clothing and footwear","Index","Annual","Units","99.675","100","100.1666666666667","102.6333333333333","103.475","102.5833333333333","101.1666666666667","101.45","109.1333333333334","116.5083333333334","119.4666666666666","119.7416666666666"
"IMF.STA:CPI(5.0.0)","GBR.CPI.CP02.POP_PCH_PA_PT.A","OBS_VALUE","United Kingdom","Consumer price index (CPI)","Alcoholic beverages, tobacco and narcotics","Period average, Period-over-period percent change","Annual","Units","4.434373056073954","2.10176991150439","1.466788899075006","4.40246406570835","4.311226496735048","3.507051813862375","2.098513552900029","2.719097916071938","4.703675397762744","9.057730590577388","7.763918466686847","5.47682231381632"
"IMF.STA:CPI(5.0.0)","GBR.CPI.CP10.YOY_PCH_PA_PT.A","OBS_VALUE","United Kingdom","Consumer price index (CPI)","Education","Period average, Year-over-year (YOY) percent change","Annual","Units","10.20326823435635","8.47197106690776","4.74285237976164","3.827789272640425","2.889553153981789","3.046781883194248","2.501265090725049","2.792862684251358","4.144082332761634","3.597074906120297","4.623211446740832","7.464138098711379"
"IMF.STA:CPI(5.0.0)","GBR.CPI.CP02.IX.A","OBS_VALUE","United Kingdom","Consumer price index (CPI)","Alcoholic beverages, tobacco and narcotics","Index","Annual","Units","97.93333333333335","99.99166666666665","101.4583333333334","105.925","110.4916666666666","114.3666666666667","116.7666666666667","119.9416666666667","125.5833333333333","136.9583333333334","147.5916666666666","155.675"
"IMF.STA:CPI(5.0.0)","GBR.CPI.CP08.POP_PCH_PA_PT.A","OBS_VALUE","United Kingdom","Consumer price index (CPI)","Communication","Period average, Period-over-period percent change","Annual","Units","1.205540355677155","1.368590014361778","2.766897241436839","1.767902035520168","1.020001593752522","3.896821014435528","3.925290410750954","1.811805961426008","2.253157290470753","6.968421052631579","5.143344485993623","5.359705496973829"
"IMF.STA:CPI(5.0.0)","GBR.CPI.CP03.YOY_PCH_PA_PT.A","OBS_VALUE","United Kingdom","Consumer price index (CPI)","Clothing and footwear","Period average, Year-over-year (YOY) percent change","Annual","Units","0.5041593143433325","0.3260596940055179","0.1666666666667","2.462562396006588","0.820071451770088","-0.8617218329709592","-1.380991064175403","0.2800658978582866","7.573517332019123","6.757788637751981","2.539160288963478","0.2301897321428573"
"IMF.STA:CPI(5.0.0)","GBR.CPI.CP08.IX.A","OBS_VALUE","United Kingdom","Consumer price index (CPI)","Communication","Index","Annual","Units","98.64166666666665","99.99166666666668","102.7583333333334","104.575","105.6416666666667","109.7583333333333","114.0666666666667","116.1333333333333","118.75","127.025","133.5583333333334","140.7166666666667"
"IMF.STA:CPI(5.0.0)","GBR.CPI.CP03.POP_PCH_PA_PT.A","OBS_VALUE","United Kingdom","Consumer price index (CPI)","Clothing and footwear","Period average, Period-over-period percent change","Annual","Units","0.5041593143433325","0.3260596940055179","0.1666666666667","2.462562396006588","0.820071451770088","-0.8617218329709592","-1.380991064175403","0.2800658978582866","7.573517332019123","6.757788637751981","2.539160288963478","0.2301897321428573"
"IMF.STA:CPI(5.0.0)","GBR.CPI.CP08.YOY_PCH_PA_PT.A","OBS_VALUE","United Kingdom","Consumer price index (CPI)","Communication","Period average, Year-over-year (YOY) percent change","Annual","Units","1.205540355677155","1.368590014361778","2.766897241436839","1.767902035520168","1.020001593752522","3.896821014435528","3.925290410750954","1.811805961426008","2.253157290470753","6.968421052631579","5.143344485993623","5.359705496973829"
"IMF.STA:CPI(5.0.0)","GBR.CPI.CP01.YOY_PCH_PA_PT.A","OBS_VALUE","United Kingdom","Consumer price index (CPI)","Food and non-alcoholic beverages","Period average, Year-over-year (YOY) percent change","Annual","Units","-0.1863706344704967","-2.581587920116902","-2.37500000000002","2.253521126760584","2.078637615827698","1.373895976447498","0.7179735398515005","0.2963556267521668","10.93275834531231","14.57058527103874","2.689286836317964","4.197515755981177"
"IMF.STA:CPI(5.0.0)","GBR.CPI.CP10.IX.A","OBS_VALUE","United Kingdom","Consumer price index (CPI)","Education","Index","Annual","Units","92.16666666666668","99.975","104.7166666666667","108.725","111.8666666666667","115.275","118.1583333333333","121.4583333333333","126.4916666666667","131.0416666666667","137.1","147.3333333333333"
"IMF.STA:CPI(5.0.0)","GBR.CPI.CP01.POP_PCH_PA_PT.A","OBS_VALUE","United Kingdom","Consumer price index (CPI)","Food and non-alcoholic beverages","Period average, Period-over-period percent change","Annual","Units","-0.1863706344704967","-2.581587920116902","-2.37500000000002","2.253521126760584","2.078637615827698","1.373895976447498","0.7179735398515005","0.2963556267521668","10.93275834531231","14.57058527103874","2.689286836317964","4.197515755981177"
"IMF.STA:CPI(5.0.0)","GBR.CPI.CP01.IX.A","OBS_VALUE","United Kingdom","Consumer price index (CPI)","Food and non-alcoholic beverages","Index","Annual","Units","102.65","100","97.62499999999998","99.825","101.9","103.3","104.0416666666666","104.35","115.7583333333334","132.625","136.1916666666667","141.9083333333334"
"IMF.STA:CPI(5.0.0)","GBR.CPI.CP10.POP_PCH_PA_PT.A","OBS_VALUE","United Kingdom","Consumer price index (CPI)","Education","Period average, Period-over-period percent change","Annual","Units","10.20326823435635","8.47197106690776","4.74285237976164","3.827789272640425","2.889553153981789","3.046781883194248","2.501265090725049","2.792862684251358","4.144082332761634","3.597074906120297","4.623211446740832","7.464138098711379"
"IMF.STA:CPI(5.0.0)","GBR.CPI.CP02.YOY_PCH_PA_PT.A","OBS_VALUE","United Kingdom","Consumer price index (CPI)","Alcoholic beverages, tobacco and narcotics","Period average, Year-over-year (YOY) percent change","Annual","Units","4.434373056073954","2.10176991150439","1.466788899075006","4.40246406570835","4.311226496735048","3.507051813862375","2.098513552900029","2.719097916071938","4.703675397762744","9.057730590577388","7.763918466686847","5.47682231381632"
"IMF.STA:CPI(5.0.0)","GBR.CPI.CP04.POP_PCH_PA_PT.A","OBS_VALUE","United Kingdom","Consumer price index (CPI)","Housing, water, electricity, gas and other fuels","Period average, Period-over-period percent change","Annual","Units","1.988465180339127","1.257596218771114","1.658748020338385","2.058051820268974","1.85586888406845","1.672188042277993","0.876648564778836","2.107206029377806","8.52602244482947","6.509820251231813","3.635889750439827","5.740333228544536"
"IMF.STA:CPI(5.0.0)","GBR.CPI.CP04.YOY_PCH_PA_PT.A","OBS_VALUE","United Kingdom","Consumer price index (CPI)","Housing, water, electricity, gas and other fuels","Period average, Year-over-year (YOY) percent change","Annual","Units","1.988465180339127","1.257596218771114","1.658748020338385","2.058051820268974","1.85586888406845","1.672188042277993","0.876648564778836","2.107206029377806","8.52602244482947","6.509820251231813","3.635889750439827","5.740333228544536"
"IMF.STA:CPI(5.0.0)","GBR.CPI.CP06.IX.A","OBS_VALUE","United Kingdom","Consumer price index (CPI)","Health","Index","Annual","Units","98.13333333333332","100","102.1833333333334","104.725","107.3083333333334","110.075","112.5666666666667","114.1416666666667","117.3666666666667","126.5583333333333","134.275","139.4166666666666"
"IMF.STA:CPI(5.0.0)","GBR.CPI.CP06.YOY_PCH_PA_PT.A","OBS_VALUE","United Kingdom","Consumer price index (CPI)","Health","Period average, Year-over-year (YOY) percent change","Annual","Units","2.685734216951489","1.902173913043492","2.1833333333334","2.487359321480931","2.466778069547291","2.578240273355532","2.263608145961117","1.399170861711578","2.825436226911002","7.831581936949671","6.097320076381143","3.829206230993558"
"IMF.STA:CPI(5.0.0)","GBR.CPI.CP05.POP_PCH_PA_PT.A","OBS_VALUE","United Kingdom","Consumer price index (CPI)","Furnishings, household equipment and routine household maintenance","Period average, Period-over-period percent change","Annual","Units","0.8239448461409452","0.06671114076049032","-0.11666666666665","2.586350742532971","1.626545217956994","0.9202944942382205","0.007929585282657994","3.552172534094481","10.22205206738141","5.835359499826242","-0.8270429931078965","0.297835727050023"
"IMF.STA:CPI(5.0.0)","GBR.CPI.CP05.IX.A","OBS_VALUE","United Kingdom","Consumer price index (CPI)","Furnishings, household equipment and routine household maintenance","Index","Annual","Units","99.93333333333335","100","99.88333333333335","102.4666666666667","104.1333333333333","105.0916666666667","105.1","108.8333333333333","119.9583333333334","126.9583333333333","125.9083333333334","126.2833333333333"
"IMF.STA:CPI(5.0.0)","GBR.CPI.CP05.YOY_PCH_PA_PT.A","OBS_VALUE","United Kingdom","Consumer price index (CPI)","Furnishings, household equipment and routine household maintenance","Period average, Year-over-year (YOY) percent change","Annual","Units","0.8239448461409452","0.06671114076049032","-0.11666666666665","2.586350742532971","1.626545217956994","0.9202944942382205","0.007929585282657994","3.552172534094481","10.22205206738141","5.835359499826242","-0.8270429931078965","0.297835727050023"
"IMF.STA:CPI(5.0.0)","GBR.CPI.CP09.IX.A","OBS_VALUE","United Kingdom","Consumer price index (CPI)","Recreation and culture","Index","Annual","Units","100.5","100","100.45","102.4666666666667","105.6083333333333","107.6333333333333","109.8166666666667","112.175","117.8166666666667","124.7916666666667","130.15","134.1333333333334"
"IMF.STA:CPI(5.0.0)","GBR.CPI.CP11.IX.A","OBS_VALUE","United Kingdom","Consumer price index (CPI)","Restaurants and hotels","Index","Annual","Units","98.14166666666665","100.0083333333334","102.3833333333334","105.6166666666667","108.4083333333334","111.2916666666667","112.3166666666666","116.2083333333334","125.8666666666666","137.6583333333333","144.7583333333333","149.5916666666667"
"IMF.STA:CPI(5.0.0)","GBR.CPI.CP09.YOY_PCH_PA_PT.A","OBS_VALUE","United Kingdom","Consumer price index (CPI)","Recreation and culture","Period average, Year-over-year (YOY) percent change","Annual","Units","0.8698561391769958","-0.4975124378109453","0.45","2.007632321221205","3.066037735848991","1.917462321470844","2.028491793124869","2.147518591592016","5.029344030904123","5.920215023341348","4.293823038397301","3.06057113586892"
"IMF.STA:CPI(5.0.0)","GBR.CPI.CP11.POP_PCH_PA_PT.A","OBS_VALUE","United Kingdom","Consumer price index (CPI)","Restaurants and hotels","Period average, Period-over-period percent change","Annual","Units","2.45324053936491","1.902012397045173","2.374802099825013","3.15806609148621","2.643206564620514","2.659697132754215","0.9210033695244325","3.464905772369909","8.311222660451655","9.368379237288167","5.1576971971669","3.338898163606057"
"IMF.STA:CPI(5.0.0)","GBR.CPI.CP12.POP_PCH_PA_PT.A","OBS_VALUE","United Kingdom","Consumer price index (CPI)","Miscellaneous goods and services","Period average, Period-over-period percent change","Annual","Units","0.03342804613067023","0.2506265664160402","1.04166666666672","1.402061855670136","-0.0244001626678487","1.269118125610251","1.357647814909993","0.9431719109138778","3.643216080401945","5.704545454545455","3.275281301512191","2.456627342123526"
"IMF.STA:CPI(5.0.0)","GBR.CPI.CP12.YOY_PCH_PA_PT.A","OBS_VALUE","United Kingdom","Consumer price index (CPI)","Miscellaneous goods and services","Period average, Year-over-year (YOY) percent change","Annual","Units","0.03342804613067023","0.2506265664160402","1.04166666666672","1.402061855670136","-0.0244001626678487","1.269118125610251","1.357647814909993","0.9431719109138778","3.643216080401945","5.704545454545455","3.275281301512191","2.456627342123526"
"IMF.STA:CPI(5.0.0)","GBR.CPI.CP06.POP_PCH_PA_PT.A","OBS_VALUE","United Kingdom","Consumer price index (CPI)","Health","Period average, Period-over-period percent change","Annual","Units","2.685734216951489","1.902173913043492","2.1833333333334","2.487359321480931","2.466778069547291","2.578240273355532","2.263608145961117","1.399170861711578","2.825436226911002","7.831581936949671","6.097320076381143","3.829206230993558"
"IMF.STA:CPI(5.0.0)","GBR.CPI.CP04.IX.A","OBS_VALUE","United Kingdom","Consumer price index (CPI)","Housing, water, electricity, gas and other fuels","Index","Annual","Units","98.73333333333332","99.975","101.6333333333333","103.725","105.65","107.4166666666667","108.3583333333333","110.6416666666666","120.075","127.8916666666666","132.5416666666666","140.15"
"IMF.STA:CPI(5.0.0)","GBR.CPI.CP12.IX.A","OBS_VALUE","United Kingdom","Consumer price index (CPI)","Miscellaneous goods and services","Index","Annual","Units","99.74999999999998","99.99999999999998","101.0416666666667","102.4583333333334","102.4333333333333","103.7333333333334","105.1416666666667","106.1333333333334","110","116.275","120.0833333333333","123.0333333333333"
"IMF.STA:CPI(5.0.0)","GBR.CPI.CP07.YOY_PCH_PA_PT.A","OBS_VALUE","United Kingdom","Consumer price index (CPI)","Transport","Period average, Year-over-year (YOY) percent change","Annual","Units","0.253537253619007","-2.09658998205257","0.5249562536455297","4.318633952254676","4.330552244735828","1.995430312261964","0.3957586618876344","7.244328746746036","11.76919342534159","0.3164556962025316","-0.3958681264304324","2.620629696329903"
"IMF.STA:CPI(5.0.0)","GBR.CPI.CP07.POP_PCH_PA_PT.A","OBS_VALUE","United Kingdom","Consumer price index (CPI)","Transport","Period average, Period-over-period percent change","Annual","Units","0.253537253619007","-2.09658998205257","0.5249562536455297","4.318633952254676","4.330552244735828","1.995430312261964","0.3957586618876344","7.244328746746036","11.76919342534159","0.3164556962025316","-0.3958681264304324","2.620629696329903"
"IMF.STA:CPI(5.0.0)","GBR.CPI.CP09.POP_PCH_PA_PT.A","OBS_VALUE","United Kingdom","Consumer price index (CPI)","Recreation and culture","Period average, Period-over-period percent change","Annual","Units","0.8698561391769958","-0.4975124378109453","0.45","2.007632321221205","3.066037735848991","1.917462321470844","2.028491793124869","2.147518591592016","5.029344030904123","5.920215023341348","4.293823038397301","3.06057113586892"
"IMF.STA:CPI(5.0.0)","GBR.CPI.CP11.YOY_PCH_PA_PT.A","OBS_VALUE","United Kingdom","Consumer price index (CPI)","Restaurants and hotels","Period average, Year-over-year (YOY) percent change","Annual","Units","2.45324053936491","1.902012397045173","2.374802099825013","3.15806609148621","2.643206564620514","2.659697132754215","0.9210033695244325","3.464905772369909","8.311222660451655","9.368379237288167","5.1576971971669","3.338898163606057"
"IMF.STA:CPI(5.0.0)","GBR.CPI._T.YOY_PCH_PA_PT.A","OBS_VALUE","United Kingdom","Consumer price index (CPI)","All Items","Period average, Year-over-year (YOY) percent change","Annual","Units","1.45112016293279","0.3680468423253701","1.008417368114026","2.557755775577525","2.292839903459373","1.738104600865152","0.989486703772449","2.5183710961421","7.922048831479066","6.793967067939643","3.271572946359213","3.883068816259933"
"IMF.STA:CPI(5.0.0)","GBR.CPI._T.IX.A","OBS_VALUE","United Kingdom","Consumer price index (CPI)","All Items","Index","Annual","Units","99.625","99.99166666666665","101","103.5833333333333","105.9583333333333","107.8","108.8666666666667","111.6083333333334","120.45","128.6333333333333","132.8416666666667","138"
"IMF.STA:CPI(5.0.0)","GBR.CPI.CP07.IX.A","OBS_VALUE","United Kingdom","Consumer price index (CPI)","Transport","Index","Annual","Units","102.15","100.0083333333333","100.5333333333333","104.875","109.4166666666667","111.6","112.0416666666666","120.1583333333333","134.3","134.725","134.1916666666666","137.7083333333333"
"IMF.STA:CPI(5.0.0)","GBR.CPI._T.POP_PCH_PA_PT.A","OBS_VALUE","United Kingdom","Consumer price index (CPI)","All Items","Period average, Period-over-period percent change","Annual","Units","1.45112016293279","0.3680468423253701","1.008417368114026","2.557755775577525","2.292839903459373","1.738104600865152","0.989486703772449","2.5183710961421","7.922048831479066","6.793967067939643","3.271572946359213","3.883068816259933"
"IMF.STA:CPI(5.0.0)","CAN.CPI.CP10.IX.A","OBS_VALUE","Canada","Consumer price index (CPI)","Education","Index","Annual","Units","","100.9756733333333","103.8597166666667","106.4333333333333","109.375","110.9","109.0350583333333","111.3333333333333","113.7333333333333","116.9","119.6",""
"IMF.STA:CPI(5.0.0)","CAN.CPI.CP02.IX.A","OBS_VALUE","Canada","Consumer price index (CPI)","Alcoholic beverages, tobacco and narcotics","Index","Annual","Units","","102.232925","105.7251083333333","108.875","113.85","116.1666666666667","116.3278","119.0666666666666","123.4166666666666","129.5083333333334","133.375",""
"IMF.STA:CPI(5.0.0)","CAN.CPI.CP08.IX.A","OBS_VALUE","Canada","Consumer price index (CPI)","Communication","Index","Annual","Units","","100.8005675","100.7612025","100.0333333333334","99.84166666666668","97.31666666666665","91.7481","84.95","82.66666666666668","77.41666666666668","70.225",""
"IMF.STA:CPI(5.0.0)","CAN.CPI.CP03.IX.A","OBS_VALUE","Canada","Consumer price index (CPI)","Clothing and footwear","Index","Annual","Units","","103.7039141666667","103.247635","102.525","103.475","105","103.03535","102.15","103.3833333333333","104.4333333333333","100.825",""
"IMF.STA:CPI(5.0.0)","CAN.CPI.CP06.IX.A","OBS_VALUE","Canada","Consumer price index (CPI)","Health","Index","Annual","Units","","100.7862475","102.0862666666666","104.0083333333334","104.8833333333333","106.0916666666666","107.6476333333334","109.825","112.8583333333334","117.9833333333334","121.4916666666667",""
"IMF.STA:CPI(5.0.0)","CAN.CPI.CP04.IX.A","OBS_VALUE","Canada","Consumer price index (CPI)","Housing, water, electricity, gas and other fuels","Index","Annual","Units","","100.2951425","101.7250833333334","103.3166666666666","105.275","107.875","109.482725","113.225","120.6","128.1583333333333","135.7916666666666",""
"IMF.STA:CPI(5.0.0)","CAN.CPI.CP12.IX.A","OBS_VALUE","Canada","Consumer price index (CPI)","Miscellaneous goods and services","Index","Annual","Units","","101.5436666666667","103.2462666666667","105.025","107.1916666666666","111.0833333333334","115.200475","118.1416666666667","124.0083333333333","128.3666666666666","133.5",""
"IMF.STA:CPI(5.0.0)","CAN.CPI.CP05.IX.A","OBS_VALUE","Canada","Consumer price index (CPI)","Furnishings, household equipment and routine household maintenance","Index","Annual","Units","","102.1519666666667","104.5227166666666","104.6333333333334","105.8083333333334","107.0916666666667","109.15605","113.4583333333333","121.225","122.2583333333333","121.7416666666667",""
"IMF.STA:CPI(5.0.0)","CAN.CPI.CP01.IX.A","OBS_VALUE","Canada","Consumer price index (CPI)","Food and non-alcoholic beverages","Index","Annual","Units","135.625","141.1916666666666","142.625","141.1833333333333","142.325","147.5583333333333","151.1","154.4166666666666","169.4916666666667","182.7833333333333","186.8666666666667",""
"IMF.STA:CPI(5.0.0)","CAN.CPI.CP11.IX.A","OBS_VALUE","Canada","Consumer price index (CPI)","Restaurants and hotels","Index","Annual","Units","","103.7329166666667","106.3618083333334","109.2333333333334","112.1333333333334","113.4916666666667","112.7675833333334","115.4166666666667","125.1916666666666","133.1","137.1416666666666",""
"IMF.STA:CPI(5.0.0)","CAN.CPI.CP09.IX.A","OBS_VALUE","Canada","Consumer price index (CPI)","Recreation and culture","Index","Annual","Units","","102.2082875","103.7885","105.8833333333333","107.4833333333333","110.3166666666667","112.8645666666667","116.05","120.8833333333333","125.0833333333334","126.075",""
"IMF.STA:CPI(5.0.0)","CAN.CPI._T.IX.A","OBS_VALUE","Canada","Consumer price index (CPI)","All Items","Index","Annual","Units","125.1583333333333","126.5666666666666","128.375","130.425","133.3833333333334","135.9833333333334","136.9583333333333","141.6083333333333","151.2416666666666","157.1083333333334","160.85","164.1833333333333"
"IMF.STA:CPI(5.0.0)","CAN.CPI._T.YOY_PCH_PA_PT.A","OBS_VALUE","Canada","Consumer price index (CPI)","All Items","Period average, Year-over-year (YOY) percent change","Annual","Units","1.906635907178667","1.125241360942779","1.428759547010851","1.596884128529698","2.268225672481043","1.949269024115956","0.716999632307807","3.395193185275328","6.802801153416091","3.879001597884271","2.381583832811711","2.072324111491016"
"IMF.STA:CPI(5.0.0)","CAN.CPI.CP07.IX.A","OBS_VALUE","Canada","Consumer price index (CPI)","Transport","Index","Annual","Units","","101.4445533333333","102.801895","107.2","112.7166666666667","113.8916666666666","112.1368583333334","122.1833333333334","136.5333333333333","136.8333333333334","137.5166666666666",""
"IMF.STA:CPI(5.0.0)","NZL.CPI.CP04.POP_PCH_PA_PT.A","OBS_VALUE","New Zealand","Consumer price index (CPI)","Housing, water, electricity, gas and other fuels","Period average, Period-over-period percent change","Annual","Units","3.300782141470339","2.779354069389401","3.182487698482596","3.084755174255482","3.083936904467521","2.94543698696282","2.931519699812383","5.035315561631351","8.611713665943601","5.771919312961853","4.475075528700906","3.849629495752756"
"IMF.STA:CPI(5.0.0)","NZL.CPI.CP03.IX.A","OBS_VALUE","New Zealand","Consumer price index (CPI)","Clothing and footwear","Index","Annual","Units","99.0230425","99.0731425","99.8246475","99.8502","98.825","98.775","97.9","100.4","102.05","105.975","107.475","107.5"
"IMF.STA:CPI(5.0.0)","NZL.CPI.CP04.YOY_PCH_PA_PT.A","OBS_VALUE","New Zealand","Consumer price index (CPI)","Housing, water, electricity, gas and other fuels","Period average, Year-over-year (YOY) percent change","Annual","Units","3.300782141470339","2.779354069389401","3.182487698482596","3.084755174255482","3.083936904467521","2.94543698696282","2.931519699812383","5.035315561631351","8.611713665943601","5.771919312961853","4.475075528700906","3.849629495752756"
"IMF.STA:CPI(5.0.0)","NZL.CPI.CP08.IX.A","OBS_VALUE","New Zealand","Consumer price index (CPI)","Communication","Index","Annual","Units","111.03255","106.15275","104.27865","99.4414525","94.8","91.675","89.65","85.7","86.725","87.6","90.875","93.55"
"IMF.STA:CPI(5.0.0)","NZL.CPI.CP05.IX.A","OBS_VALUE","New Zealand","Consumer price index (CPI)","Furnishings, household equipment and routine household maintenance","Index","Annual","Units","98.622245","98.4468925","100.42585","100.17575","99.925","100.675","101.45","104.075","111.125","116.35","115.65","114.75"
"IMF.STA:CPI(5.0.0)","NZL.CPI.CP06.YOY_PCH_PA_PT.A","OBS_VALUE","New Zealand","Consumer price index (CPI)","Health","Period average, Year-over-year (YOY) percent change","Annual","Units","1.949234529267046","1.055567153665821","0.9854172131282458","2.119717270701404","0.9608893949977401","1.261751608114795","1.636941118983631","2.067307692307692","4.121526142251531","4.116715675186609","5.713665001086248","2.589395807644883"
"IMF.STA:CPI(5.0.0)","NZL.CPI.CP12.IX.A","OBS_VALUE","New Zealand","Consumer price index (CPI)","Miscellaneous goods and services","Index","Annual","Units","95.9797075","97.209215","98.63388","100.71226","103.45","106.075","108.55","111.925","117.45","122.75","130.55","134.8"
"IMF.STA:CPI(5.0.0)","NZL.CPI.CP10.POP_PCH_PA_PT.A","OBS_VALUE","New Zealand","Consumer price index (CPI)","Education","Period average, Period-over-period percent change","Annual","Units","3.63243577311178","3.732475467744455","2.703195145202484","2.264114519215013","-5.263091342548445","1.978369823265629","0.8794619762027936","2.461538461538462","2.602602602602603","4.439024390243902","0.560485754320411","4.923362749651649"
"IMF.STA:CPI(5.0.0)","NZL.CPI.CP01.POP_PCH_PA_PT.A","OBS_VALUE","New Zealand","Consumer price index (CPI)","Food and non-alcoholic beverages","Period average, Period-over-period percent change","Annual","Units","0.3122566831661386","-0.05836746599378036","-0.60346406140544","2.174094395040874","-0.2402776296538806","1.079859367152185","3.180124223602484","1.75776547074404","8.660672030288689","9.886759581881533","-0.07927070947284978","4.502181673938913"
"IMF.STA:CPI(5.0.0)","NZL.CPI.CP01.IX.A","OBS_VALUE","New Zealand","Consumer price index (CPI)","Food and non-alcoholic beverages","Index","Annual","Units","98.3167575","98.2593725","97.6664125","99.7897725","99.55","100.625","103.825","105.65","114.8","126.15","126.05","131.725"
"IMF.STA:CPI(5.0.0)","NZL.CPI.CP03.YOY_PCH_PA_PT.A","OBS_VALUE","New Zealand","Consumer price index (CPI)","Clothing and footwear","Period average, Year-over-year (YOY) percent change","Annual","Units","-0.5034009494037107","0.05059428465854299","0.7585355435757981","0.02559738565568188","-1.026738053604299","-0.05059448520111308","-0.8858516831181979","2.553626149131767","1.643426294820717","3.846153846153846","1.415428167020524","0.02326122354035822"
"IMF.STA:CPI(5.0.0)","NZL.CPI.CP12.YOY_PCH_PA_PT.A","OBS_VALUE","New Zealand","Consumer price index (CPI)","Miscellaneous goods and services","Period average, Year-over-year (YOY) percent change","Annual","Units","1.737692072149924","1.28100775885361","1.465565790239125","2.107166421923177","2.718378080285359","2.537457709038183","2.33325477256658","3.109166282818977","4.936341299977664","4.512558535547041","6.354378818737271","3.255457679050172"
"IMF.STA:CPI(5.0.0)","NZL.CPI.CP05.POP_PCH_PA_PT.A","OBS_VALUE","New Zealand","Consumer price index (CPI)","Furnishings, household equipment and routine household maintenance","Period average, Period-over-period percent change","Annual","Units","-0.2280781559954433","-0.177802178403057","2.010177720947363","-0.2490394654364389","-0.2503100800343396","0.7505629221916437","0.7698038241867395","2.587481517989157","6.773961085755465","4.701912260967379","-0.6016330038676407","-0.7782101167315175"
"IMF.STA:CPI(5.0.0)","NZL.CPI.CP08.POP_PCH_PA_PT.A","OBS_VALUE","New Zealand","Consumer price index (CPI)","Communication","Period average, Period-over-period percent change","Annual","Units","-3.798998849825308","-4.394927433441815","-1.765474752184941","-4.638722787454575","-4.667522832090571","-3.296413502109705","-2.208890100899918","-4.406023424428332","1.196032672112019","1.008936292879792","3.738584474885845","2.943603851444292"
"IMF.STA:CPI(5.0.0)","CAN.CPI._T.POP_PCH_PA_PT.A","OBS_VALUE","Canada","Consumer price index (CPI)","All Items","Period average, Period-over-period percent change","Annual","Units","1.906635907178667","1.125241360942779","1.428759547010851","1.596884128529698","2.268225672481043","1.949269024115956","0.716999632307807","3.395193185275328","6.802801153416091","3.879001597884271","2.381583832811711","2.072324111491016"
"IMF.STA:CPI(5.0.0)","NZL.CPI.CP02.POP_PCH_PA_PT.A","OBS_VALUE","New Zealand","Consumer price index (CPI)","Alcoholic beverages, tobacco and narcotics","Period average, Period-over-period percent change","Annual","Units","2.839574848090278","5.381637237750341","3.538044513366625","4.593823963596611","5.08903376471733","4.368471035137702","6.02820746132848","2.145462347135808","4.305818105440034","7.913813934756343","6.792311998507184","2.498689498514765"
"IMF.STA:CPI(5.0.0)","NZL.CPI.CP10.YOY_PCH_PA_PT.A","OBS_VALUE","New Zealand","Consumer price index (CPI)","Education","Period average, Year-over-year (YOY) percent change","Annual","Units","3.63243577311178","3.732475467744455","2.703195145202484","2.264114519215013","-5.263091342548445","1.978369823265629","0.8794619762027936","2.461538461538462","2.602602602602603","4.439024390243902","0.560485754320411","4.923362749651649"
"IMF.STA:CPI(5.0.0)","NZL.CPI.CP01.YOY_PCH_PA_PT.A","OBS_VALUE","New Zealand","Consumer price index (CPI)","Food and non-alcoholic beverages","Period average, Year-over-year (YOY) percent change","Annual","Units","0.3122566831661386","-0.05836746599378036","-0.60346406140544","2.174094395040874","-0.2402776296538806","1.079859367152185","3.180124223602484","1.75776547074404","8.660672030288689","9.886759581881533","-0.07927070947284978","4.502181673938913"
"IMF.STA:CPI(5.0.0)","NZL.CPI.CP06.IX.A","OBS_VALUE","New Zealand","Consumer price index (CPI)","Health","Index","Annual","Units","96.04055","97.0543225","98.0107125","100.0882625","101.05","102.325","104","106.15","110.525","115.075","121.65","124.8"
"IMF.STA:CPI(5.0.0)","NZL.CPI._T.POP_PCH_PA_PT.A","OBS_VALUE","New Zealand","Consumer price index (CPI)","All Items","Period average, Period-over-period percent change","Annual","Units","1.227507505974058","0.2927046281360885","0.6462402844544985","1.85078767452534","1.598297038016961","1.619631901840491","1.714561700072446","3.941120607787274","7.172224760164459","5.733162830349531","2.922797823019553","2.839796318057188"
"IMF.STA:CPI(5.0.0)","NZL.CPI.CP07.YOY_PCH_PA_PT.A","OBS_VALUE","New Zealand","Consumer price index (CPI)","Transport","Period average, Year-over-year (YOY) percent change","Annual","Units","-0.08566595745609792","-5.572210496683693","-4.108056552525028","2.105392881740315","2.860696517412935","-0.4836759371221282","-2.503037667071689","9.820538384845464","12.16522923286428","2.751922298664508","-0.9452540370224498","0.8151093439363817"
"IMF.STA:CPI(5.0.0)","ZAF.CPI.CP08.IX.A","OBS_VALUE","South Africa","Consumer price index (CPI)","Communication","Index","Annual","Units","101.158325","100.21665","100.125","98.9583325","99.4666575","100.741665","100.866675","100.358325","99.7416675","99.4833325","99.141665",""
"IMF.STA:CPI(5.0.0)","NZL.CPI._T.IX.A","OBS_VALUE","New Zealand","Consumer price index (CPI)","All Items","Index","Annual","Units","97.5326225","97.818105","98.450245","100.27235","101.875","103.525","105.3","109.45","117.3","124.025","127.65","131.275"
"IMF.STA:CPI(5.0.0)","NZL.CPI.CP11.YOY_PCH_PA_PT.A","OBS_VALUE","New Zealand","Consumer price index (CPI)","Restaurants and hotels","Period average, Year-over-year (YOY) percent change","Annual","Units","1.867869341108056","1.891529051809578","2.007952712749453","2.202194995909356","3.822778017568214","3.633755677743246","3.460207612456747","4.548494983277592","6.653870761356366","8.378324335132973","4.59409594095941","3.17516316810725"
"IMF.STA:CPI(5.0.0)","NZL.CPI.CP11.POP_PCH_PA_PT.A","OBS_VALUE","New Zealand","Consumer price index (CPI)","Restaurants and hotels","Period average, Period-over-period percent change","Annual","Units","1.867869341108056","1.891529051809578","2.007952712749453","2.202194995909356","3.822778017568214","3.633755677743246","3.460207612456747","4.548494983277592","6.653870761356366","8.378324335132973","4.59409594095941","3.17516316810725"
"IMF.STA:CPI(5.0.0)","NZL.CPI._T.YOY_PCH_PA_PT.A","OBS_VALUE","New Zealand","Consumer price index (CPI)","All Items","Period average, Year-over-year (YOY) percent change","Annual","Units","1.227507505974058","0.2927046281360885","0.6462402844544985","1.85078767452534","1.598297038016961","1.619631901840491","1.714561700072446","3.941120607787274","7.172224760164459","5.733162830349531","2.922797823019553","2.839796318057188"
"IMF.STA:CPI(5.0.0)","NZL.CPI.CP09.YOY_PCH_PA_PT.A","OBS_VALUE","New Zealand","Consumer price index (CPI)","Recreation and culture","Period average, Year-over-year (YOY) percent change","Annual","Units","-0.4429631264446838","-0.287892713616884","-0.7611589093219955","-0.8496616539676419","-1.023069048181595","0.1515151515151515","0.9329299041855774","2.623032725455908","3.894839337877313","5.178069353327085","2.673201158387169","2.147971360381862"
"IMF.STA:CPI(5.0.0)","NZL.CPI.CP07.POP_PCH_PA_PT.A","OBS_VALUE","New Zealand","Consumer price index (CPI)","Transport","Period average, Period-over-period percent change","Annual","Units","-0.08566595745609792","-5.572210496683693","-4.108056552525028","2.105392881740315","2.860696517412935","-0.4836759371221282","-2.503037667071689","9.820538384845464","12.16522923286428","2.751922298664508","-0.9452540370224498","0.8151093439363817"
"IMF.STA:CPI(5.0.0)","NZL.CPI.CP03.POP_PCH_PA_PT.A","OBS_VALUE","New Zealand","Consumer price index (CPI)","Clothing and footwear","Period average, Period-over-period percent change","Annual","Units","-0.5034009494037107","0.05059428465854299","0.7585355435757981","0.02559738565568188","-1.026738053604299","-0.05059448520111308","-0.8858516831181979","2.553626149131767","1.643426294820717","3.846153846153846","1.415428167020524","0.02326122354035822"
"IMF.STA:CPI(5.0.0)","NZL.CPI.CP04.IX.A","OBS_VALUE","New Zealand","Consumer price index (CPI)","Housing, water, electricity, gas and other fuels","Index","Annual","Units","91.8867275","94.440585","97.446145","100.45212","103.55","106.6","109.725","115.25","125.175","132.4","138.325","143.65"
"IMF.STA:CPI(5.0.0)","ZAF.CPI.CP03.IX.A","OBS_VALUE","South Africa","Consumer price index (CPI)","Clothing and footwear","Index","Annual","Units","88.2916675","93.091665","97.783335","101.05","102.824975","99.0083425","97.9083325","99.325","101.516675","104.3","106.508325",""
"IMF.STA:CPI(5.0.0)","NZL.CPI.CP07.IX.A","OBS_VALUE","New Zealand","Consumer price index (CPI)","Transport","Index","Annual","Units","108.701475","102.6444","98.42771","100.5","103.375","102.875","100.3","110.15","123.55","126.95","125.75","126.775"
"IMF.STA:CPI(5.0.0)","NZL.CPI.CP05.YOY_PCH_PA_PT.A","OBS_VALUE","New Zealand","Consumer price index (CPI)","Furnishings, household equipment and routine household maintenance","Period average, Year-over-year (YOY) percent change","Annual","Units","-0.2280781559954433","-0.177802178403057","2.010177720947363","-0.2490394654364389","-0.2503100800343396","0.7505629221916437","0.7698038241867395","2.587481517989157","6.773961085755465","4.701912260967379","-0.6016330038676407","-0.7782101167315175"
"IMF.STA:CPI(5.0.0)","NZL.CPI.CP08.YOY_PCH_PA_PT.A","OBS_VALUE","New Zealand","Consumer price index (CPI)","Communication","Period average, Year-over-year (YOY) percent change","Annual","Units","-3.798998849825308","-4.394927433441815","-1.765474752184941","-4.638722787454575","-4.667522832090571","-3.296413502109705","-2.208890100899918","-4.406023424428332","1.196032672112019","1.008936292879792","3.738584474885845","2.943603851444292"
"IMF.STA:CPI(5.0.0)","NZL.CPI.CP10.IX.A","OBS_VALUE","New Zealand","Consumer price index (CPI)","Education","Index","Annual","Units","91.8232425","95.2505225","97.82533","100.0402075","94.775","96.65","97.5","99.9","102.5","107.05","107.65","112.95"
"IMF.STA:CPI(5.0.0)","NZL.CPI.CP02.IX.A","OBS_VALUE","New Zealand","Consumer price index (CPI)","Alcoholic beverages, tobacco and narcotics","Index","Annual","Units","87.801115","92.5262525","95.7998725","100.20075","105.3","109.9","116.525","119.025","124.15","133.975","143.075","146.65"
"IMF.STA:CPI(5.0.0)","NZL.CPI.CP02.YOY_PCH_PA_PT.A","OBS_VALUE","New Zealand","Consumer price index (CPI)","Alcoholic beverages, tobacco and narcotics","Period average, Year-over-year (YOY) percent change","Annual","Units","2.839574848090278","5.381637237750341","3.538044513366625","4.593823963596611","5.08903376471733","4.368471035137702","6.02820746132848","2.145462347135808","4.305818105440034","7.913813934756343","6.792311998507184","2.498689498514765"
"IMF.STA:CPI(5.0.0)","NZL.CPI.CP06.POP_PCH_PA_PT.A","OBS_VALUE","New Zealand","Consumer price index (CPI)","Health","Period average, Period-over-period percent change","Annual","Units","1.949234529267046","1.055567153665821","0.9854172131282458","2.119717270701404","0.9608893949977401","1.261751608114795","1.636941118983631","2.067307692307692","4.121526142251531","4.116715675186609","5.713665001086248","2.589395807644883"
"IMF.STA:CPI(5.0.0)","NZL.CPI.CP09.POP_PCH_PA_PT.A","OBS_VALUE","New Zealand","Consumer price index (CPI)","Recreation and culture","Period average, Period-over-period percent change","Annual","Units","-0.4429631264446838","-0.287892713616884","-0.7611589093219955","-0.8496616539676419","-1.023069048181595","0.1515151515151515","0.9329299041855774","2.623032725455908","3.894839337877313","5.178069353327085","2.673201158387169","2.147971360381862"
"IMF.STA:CPI(5.0.0)","NZL.CPI.CP12.POP_PCH_PA_PT.A","OBS_VALUE","New Zealand","Consumer price index (CPI)","Miscellaneous goods and services","Period average, Period-over-period percent change","Annual","Units","1.737692072149924","1.28100775885361","1.465565790239125","2.107166421923177","2.718378080285359","2.537457709038183","2.33325477256658","3.109166282818977","4.936341299977664","4.512558535547041","6.354378818737271","3.255457679050172"
"IMF.STA:CPI(5.0.0)","ZAF.CPI.CP02.IX.A","OBS_VALUE","South Africa","Consumer price index (CPI)","Alcoholic beverages, tobacco and narcotics","Index","Annual","Units","86.325","93.4833375","98.9083325","102.75835","108.258325","96.69166","93.9500025","98.2500025","104.15","110.31665","115.225",""
"IMF.STA:CPI(5.0.0)","ZAF.CPI.CP04.IX.A","OBS_VALUE","South Africa","Consumer price index (CPI)","Housing, water, electricity, gas and other fuels","Index","Annual","Units","86.7499975","91.841665","97.258335","102.19165","107.19165","96.308335","94.4500025","97.625","102.125","107.116675","112.816675",""
"IMF.STA:CPI(5.0.0)","ZAF.CPI.CP12.IX.A","OBS_VALUE","South Africa","Consumer price index (CPI)","Miscellaneous goods and services","Index","Annual","Units","86.3249975","92.3916675","98.8666675","106.01665","112.124975","96.54166","95.1333325","99.175","103.041675","108.79165","116.025",""
"IMF.STA:CPI(5.0.0)","ZAF.CPI.CP06.IX.A","OBS_VALUE","South Africa","Consumer price index (CPI)","Health","Index","Annual","Units","88.016665","93.3916675","98.5583325","105.05835","110.375","97.675","95.766665","99.216665","103.808325","109.941675","115.808325",""
"IMF.STA:CPI(5.0.0)","ZAF.CPI.CP01.IX.A","OBS_VALUE","South Africa","Consumer price index (CPI)","Food and non-alcoholic beverages","Index","Annual","Units","82.258335","86.3333325","96.4000025","102.991675","106.20835","93.8083425","92.375","98.0083325","107.10835","118.7","124.266675",""
"IMF.STA:CPI(5.0.0)","NZL.CPI.CP09.IX.A","OBS_VALUE","New Zealand","Consumer price index (CPI)","Recreation and culture","Index","Annual","Units","101.9477","101.6542","100.88045","100.0233075","99","99.15","100.075","102.7","106.7","112.225","115.225","117.7"
"IMF.STA:CPI(5.0.0)","NZL.CPI.CP11.IX.A","OBS_VALUE","New Zealand","Consumer price index (CPI)","Restaurants and hotels","Index","Annual","Units","94.8206425","96.6142025","98.55417","100.724525","104.575","108.375","112.125","117.225","125.025","135.5","141.725","146.225"
"IMF.STA:CPI(5.0.0)","ZAF.CPI.CP05.IX.A","OBS_VALUE","South Africa","Consumer price index (CPI)","Furnishings, household equipment and routine household maintenance","Index","Annual","Units","92.8166675","94.9750025","98.508335","100.858325","103.341675","98.2499925","97.25","98.59167","103.066675","108.18335","110.233325",""
"IMF.STA:CPI(5.0.0)","ZAF.CPI.CP10.IX.A","OBS_VALUE","South Africa","Consumer price index (CPI)","Education","Index","Annual","Units","86.216665","94.2333325","99.2666675","105.833325","112.916675","96.883325","95.05","99.333335","103.666675","109.4","116.15",""
"IMF.STA:CPI(5.0.0)","ZAF.CPI.CP09.IX.A","OBS_VALUE","South Africa","Consumer price index (CPI)","Recreation and culture","Index","Annual","Units","89.7","91.7333325","98.025","100.5","101.216675","97.9750075","97.6416675","99.2583325","101.641675","105.208325","107.49165",""
"IMF.STA:CPI(5.0.0)","ZAF.CPI.CP11.IX.A","OBS_VALUE","South Africa","Consumer price index (CPI)","Restaurants and hotels","Index","Annual","Units","86.2916675","91.4166675","97.0166675","101.5417","105.799975","98.4916575","95.675","97.975","104.4667","110.925","117.99165",""
"IMF.STA:CPI(5.0.0)","ZAF.CPI._T.POP_PCH_PA_PT.A","OBS_VALUE","South Africa","Consumer price index (CPI)","All Items","Period average, Period-over-period percent change","Annual","Units","6.132829530591491","4.5186909489251","6.602908423948693","5.186186555241464","4.509872648673929","4.102850754611496","3.232388316151186","4.618745448871358","7.039872725464813","6.075243845796564","4.361152465189628","3.205504741126038"
"IMF.STA:CPI(5.0.0)","ZAF.CPI._T.YOY_PCH_PA_PT.A","OBS_VALUE","South Africa","Consumer price index (CPI)","All Items","Period average, Year-over-year (YOY) percent change","Annual","Units","6.132829530591491","4.5186909489251","6.602908423948693","5.186186555241464","4.509872648673929","4.102850754611496","3.232388316151186","4.618745448871358","7.039872725464813","6.075243845796564","4.361152465189628","3.205504741126038"
"IMF.STA:CPI(5.0.0)","ZAF.CPI.CP07.IX.A","OBS_VALUE","South Africa","Consumer price index (CPI)","Transport","Index","Annual","Units","95.0000025","94.04167","98.0166675","102.841675","109.999975","92.4833425","85.341665","93.1","108.833325","114.533325","117.091675",""
"IMF.STA:CPI(5.0.0)","ZAF.CPI._T.IX.A","OBS_VALUE","South Africa","Consumer price index (CPI)","All Items","Index","Annual","Units","60.85833333333332","63.60833333333332","67.80833333333335","71.325","74.54166666666668","77.6","80.10833333333332","83.80833333333335","89.70833333333332","95.15833333333332","99.30833333333335","102.4916666666666"
"IMF.STA:CPI(5.0.0)","CHL.CPI.CP10.IX.A","OBS_VALUE","Chile","Consumer price index (CPI)","Education","Index","Annual","Units","","","","","","","","","","","",""
"IMF.STA:CPI(5.0.0)","CHL.CPI.CP08.IX.A","OBS_VALUE","Chile","Consumer price index (CPI)","Communication","Index","Annual","Units","","","","","","","","","","","",""
"IMF.STA:CPI(5.0.0)","CHL.CPI.CP01.IX.A","OBS_VALUE","Chile","Consumer price index (CPI)","Food and non-alcoholic beverages","Index","Annual","Units","","","","","","","","","","","",""
"IMF.STA:CPI(5.0.0)","CHL.CPI.CP07.IX.A","OBS_VALUE","Chile","Consumer price index (CPI)","Transport","Index","Annual","Units","","","","","","","","","","","",""
"IMF.STA:CPI(5.0.0)","CHL.CPI.CP04.IX.A","OBS_VALUE","Chile","Consumer price index (CPI)","Housing, water, electricity, gas and other fuels","Index","Annual","Units","","","","","","","","","","","",""
"IMF.STA:CPI(5.0.0)","CHL.CPI.CP12.IX.A","OBS_VALUE","Chile","Consumer price index (CPI)","Miscellaneous goods and services","Index","Annual","Units","","","","","","","","","","","",""
"IMF.STA:CPI(5.0.0)","CHL.CPI._T.YOY_PCH_PA_PT.A","OBS_VALUE","Chile","Consumer price index (CPI)","All Items","Period average, Year-over-year (YOY) percent change","Annual","Units","4.718675278546725","4.348773532170463","3.786193558931181","2.182718468685211","2.434889813530544","2.557544757033288","3.045490848043299","4.524568382591372","11.64386671105597","7.581682514079668","4.297638915725225","4.212936016942926"
"IMF.STA:CPI(5.0.0)","CHL.CPI.CP05.IX.A","OBS_VALUE","Chile","Consumer price index (CPI)","Furnishings, household equipment and routine household maintenance","Index","Annual","Units","","","","","","","","","","","",""
"IMF.STA:CPI(5.0.0)","CHL.CPI.CP02.IX.A","OBS_VALUE","Chile","Consumer price index (CPI)","Alcoholic beverages, tobacco and narcotics","Index","Annual","Units","","","","","","","","","","","",""
"IMF.STA:CPI(5.0.0)","CHL.CPI.CP03.IX.A","OBS_VALUE","Chile","Consumer price index (CPI)","Clothing and footwear","Index","Annual","Units","","","","","","","","","","","",""
"IMF.STA:CPI(5.0.0)","CHL.CPI.CP06.IX.A","OBS_VALUE","Chile","Consumer price index (CPI)","Health","Index","Annual","Units","","","","","","","","","","","",""
"IMF.STA:CPI(5.0.0)","CHL.CPI.CP11.IX.A","OBS_VALUE","Chile","Consumer price index (CPI)","Restaurants and hotels","Index","Annual","Units","","","","","","","","","","","",""
"IMF.STA:CPI(5.0.0)","CHL.CPI.CP09.IX.A","OBS_VALUE","Chile","Consumer price index (CPI)","Recreation and culture","Index","Annual","Units","","","","","","","","","","","",""
"IMF.STA:CPI(5.0.0)","CHL.CPI._T.POP_PCH_PA_PT.A","OBS_VALUE","Chile","Consumer price index (CPI)","All Items","Period average, Period-over-period percent change","Annual","Units","4.718675278546725","4.348773532170463","3.786193558931181","2.182718468685211","2.434889813530544","2.557544757033288","3.045490848043299","4.524568382591372","11.64386671105597","7.581682514079668","4.297638915725225","4.212936016942926"
"IMF.STA:CPI(5.0.0)","CHL.CPI._T.IX.A","OBS_VALUE","Chile","Consumer price index (CPI)","All Items","Index","Annual","Units","66.253461617501","69.1346746204696","71.75224721793785","73.31839676966045","75.10361894404882","77.0244276126946","79.37019950639695","82.96135845846308","92.62126845904788","99.6435189741263","103.9258376225564","108.3041666666667"
"IMF.STA:CPI(5.0.0)","SAU.CPI._T.YOY_PCH_PA_PT.A","OBS_VALUE","Saudi Arabia","Consumer price index (CPI)","All Items","Period average, Year-over-year (YOY) percent change","Annual","Units","2.241853487790621","1.222693185523322","2.053470768239618","-0.8348457350271845","2.465943089948444","-1.192986445333244","3.372349610123037","3.063289889415477","2.474073719253697","2.327085183627069","1.687921123758055","2.084208535850387"
"IMF.STA:CPI(5.0.0)","SAU.CPI.CP11.IX.A","OBS_VALUE","Saudi Arabia","Consumer price index (CPI)","Restaurants and hotels","Index","Annual","Units","100.833325","102.65","102.975","103.561675","111.29915","105.69255","107.65","112.463325","118.215","123.059175","125.516675",""
"IMF.STA:CPI(5.0.0)","SAU.CPI._T.POP_PCH_PA_PT.A","OBS_VALUE","Saudi Arabia","Consumer price index (CPI)","All Items","Period average, Period-over-period percent change","Annual","Units","2.241853487790621","1.222693185523322","2.053470768239618","-0.8348457350271845","2.465943089948444","-1.192986445333244","3.372349610123037","3.063289889415477","2.474073719253697","2.327085183627069","1.687921123758055","2.084208535850387"
"IMF.STA:CPI(5.0.0)","SAU.CPI.CP09.IX.A","OBS_VALUE","Saudi Arabia","Consumer price index (CPI)","Recreation and culture","Index","Annual","Units","99.6999925","100.0416575","98.45","95.61","96.674165","97.96767","100.1325","103.180825","105.9625","107.54665","106.15665",""
"IMF.STA:CPI(5.0.0)","SAU.CPI.CP03.IX.A","OBS_VALUE","Saudi Arabia","Consumer price index (CPI)","Clothing and footwear","Index","Annual","Units","100.891675","102.1","103.108325","100.0274925","92.9825","97.2367525","101.4766675","103.7075","102.40585","99.261685","95.915",""
"IMF.STA:CPI(5.0.0)","SAU.CPI.CP06.IX.A","OBS_VALUE","Saudi Arabia","Consumer price index (CPI)","Health","Index","Annual","Units","101.733325","103.958325","106.2083","106.200825","110.280825","102.6974175","101.25585","102.914175","103.354175","103.8125","102.685",""
"IMF.STA:CPI(5.0.0)","SAU.CPI.CP12.IX.A","OBS_VALUE","Saudi Arabia","Consumer price index (CPI)","Miscellaneous goods and services","Index","Annual","Units","100.783325","101.783325","102.525","102.43","102.67085","100.4481975","103.540825","106.429175","108.151675","107.623325","108.05",""
"IMF.STA:CPI(5.0.0)","SAU.CPI.CP07.IX.A","OBS_VALUE","Saudi Arabia","Consumer price index (CPI)","Transport","Index","Annual","Units","101.35","102.400025","110.05","107.751675","119.32085","104.041805","102.3966825","112.9092","117.500025","118.65915","115.8025",""
"IMF.STA:CPI(5.0.0)","SAU.CPI.CP04.IX.A","OBS_VALUE","Saudi Arabia","Consumer price index (CPI)","Housing, water, electricity, gas and other fuels","Index","Annual","Units","104.875","107.366675","112.6","111.78085","110.38415","94.48338","90.825","88.6200025","90.2375","97.4141675","106.0275",""
"IMF.STA:CPI(5.0.0)","SAU.CPI.CP01.IX.A","OBS_VALUE","Saudi Arabia","Consumer price index (CPI)","Food and non-alcoholic beverages","Index","Annual","Units","101.366675","102.016675","100.6916675","99.859175","106.33085","103.458","111.280825","117.278325","121.641675","123.39915","124.406675",""
"IMF.STA:CPI(5.0.0)","SAU.CPI.CP05.IX.A","OBS_VALUE","Saudi Arabia","Consumer price index (CPI)","Furnishings, household equipment and routine household maintenance","Index","Annual","Units","101.725","102.633325","103.116675","101.19585","102.643325","100.2205225","103.9958","108.19665","109.566675","107.231675","103.632525",""
"IMF.STA:CPI(5.0.0)","SAU.CPI.CP08.IX.A","OBS_VALUE","Saudi Arabia","Consumer price index (CPI)","Communication","Index","Annual","Units","100.5916575","99.874995","100.108335","99.1366675","100.414175","98.9044975","103.4941675","111.16835","111.621675","110.316675","108.40085",""
"IMF.STA:CPI(5.0.0)","SAU.CPI._T.IX.A","OBS_VALUE","Saudi Arabia","Consumer price index (CPI)","All Items","Index","Annual","Units","86.1720921070859","87.22571240510212","89.01686691172965","88.27371339486225","90.45049293056375","89.37143081016502","92.385347908653","95.21537893044008","97.57107759724592","99.8416396875167","101.5268878141087","103.6429198761136"
"IMF.STA:CPI(5.0.0)","SAU.CPI.CP02.IX.A","OBS_VALUE","Saudi Arabia","Consumer price index (CPI)","Alcoholic beverages, tobacco and narcotics","Index","Annual","Units","104.566675","106.200025","121.283325","153.6925","192.024175","123.814975","108.1075","114.90835","114.834175","114.9675","113.6025",""
"IMF.STA:CPI(5.0.0)","SAU.CPI.CP10.IX.A","OBS_VALUE","Saudi Arabia","Consumer price index (CPI)","Education","Index","Annual","Units","105.05","106","109.325","109.835825","110.15665","104.7825","100.478325","95.4575","100.65","102.8225","104.1125",""
"IMF.STA:CPI(5.0.0)","EGY.CPI.CP01.IX.A","OBS_VALUE","Egypt, Arab Republic of","Consumer price index (CPI)","Food and non-alcoholic beverages","Index","Annual","Units","46.3321442040153","51.27749263852448","59.821243315137","82.93887799177915","93.9735813055055","100.6181605813422","100.4344272742992","105.0258507838053","129.8083333333334","212.6166666666667","282.6583333333332",""
"IMF.STA:CPI(5.0.0)","DEU.CPI._T.SRP_IX.A","OBS_VALUE","Germany","Consumer price index (CPI)","All Items","Standard reference period (2010=100), Index","Annual","Units","106.6505495551639","107.1991878574636","107.7263366568302","109.3524601619397","111.2466293563487","112.8548771211913","113.0183789263444","116.4842758800857","124.4897443873684","131.8924482070439","134.8685988521043","137.7976585059454"
"IMF.STA:CPI(5.0.0)","DEU.CPI._T.SRP_POP_PCH_PA_PT.A","OBS_VALUE","Germany","Consumer price index (CPI)","All Items","Standard reference period (2010=100), Period average, Period-over-period percent change","Annual","Units","0.9067940004342459","0.5144261371254561","0.4917470084451745","1.509494851096283","1.732168797669418","1.445659768882534","0.1448779258139819","3.06666666666673","6.872574385510968","5.946436677258235","2.256498143387602","2.171787709497213"
"IMF.STA:CPI(5.0.0)","DEU.CPI._T.SRP_YOY_PCH_PA_PT.A","OBS_VALUE","Germany","Consumer price index (CPI)","All Items","Standard reference period (2010=100), Period average, Year-over-year (YOY) percent change","Annual","Units","0.9067940004342459","0.5144261371254561","0.4917470084451745","1.509494851096283","1.732168797669418","1.445659768882534","0.1448779258139819","3.06666666666673","6.872574385510968","5.946436677258235","2.256498143387602","2.171787709497213"
"IMF.STA:CPI(5.0.0)","GBR.CPI._T.SRP_POP_PCH_PA_PT.A","OBS_VALUE","United Kingdom","Consumer price index (CPI)","All Items","Standard reference period (2010=100), Period average, Period-over-period percent change","Annual","Units","1.451120162932792","0.3680468423253604","1.008417368114095","2.557755775577473","2.292839903459376","1.738104600865128","0.9894867037724913","2.51837109614213","7.922048831479023","6.793967067939626","3.271572946359201","3.883068816259998"
"IMF.STA:CPI(5.0.0)","GBR.CPI._T.SRP_IX.A","OBS_VALUE","United Kingdom","Consumer price index (CPI)","All Items","Standard reference period (2010=100), Index","Annual","Units","110.5511374144627","110.9580173848714","112.0769373034955","114.943591640466","117.579064176068","119.6227113001664","120.8063621231737","123.8487146291845","133.6600702792676","142.740891437026","147.4107638246717","153.1348252265582"
"IMF.STA:CPI(5.0.0)","GBR.CPI._T.SRP_YOY_PCH_PA_PT.A","OBS_VALUE","United Kingdom","Consumer price index (CPI)","All Items","Standard reference period (2010=100), Period average, Year-over-year (YOY) percent change","Annual","Units","1.451120162932792","0.3680468423253604","1.008417368114095","2.557755775577473","2.292839903459376","1.738104600865128","0.9894867037724913","2.51837109614213","7.922048831479023","6.793967067939626","3.271572946359201","3.883068816259998"
"IMF.STA:CPI(5.0.0)","MEX.CPI._T.POP_PCH_PA_PT.A","OBS_VALUE","Mexico","Consumer price index (CPI)","All Items","Period average, Period-over-period percent change","Annual","Units","4.018616080786711","2.720640649640288","2.821707847476549","6.041457240189926","4.899350153565466","3.635961421270449","3.396834155700062","5.689208476837569","7.896276191685513","5.527960873143848","4.722255884529352","3.806686507264824"
"IMF.STA:CPI(5.0.0)","MEX.CPI._T.YOY_PCH_PA_PT.A","OBS_VALUE","Mexico","Consumer price index (CPI)","All Items","Period average, Year-over-year (YOY) percent change","Annual","Units","4.018616080786711","2.720640649640288","2.821707847476549","6.041457240189926","4.899350153565466","3.635961421270449","3.396834155700062","5.689208476837569","7.896276191685513","5.527960873143848","4.722255884529352","3.806686507264824"
"IMF.STA:CPI(5.0.0)","MEX.CPI._T.SRP_IX.A","OBS_VALUE","Mexico","Consumer price index (CPI)","All Items","Standard reference period (2010=100), Index","Annual","Units","116.2479851775914","119.4106751167207","122.780095507214","130.1978024767466","136.57664871233","141.5425229699744","146.3504877350581","154.6766720891741","166.890369321443","176.1160036385777","184.4326519839983","191.4534248620639"
"IMF.STA:CPI(5.0.0)","MEX.CPI._T.SRP_YOY_PCH_PA_PT.A","OBS_VALUE","Mexico","Consumer price index (CPI)","All Items","Standard reference period (2010=100), Period average, Year-over-year (YOY) percent change","Annual","Units","4.018616080786787","2.720640649640229","2.821707847476604","6.041457240189856","4.899350153565507","3.635961421270462","3.396834155700065","5.689208476837533","7.896276191685497","5.527960873143888","4.722255884529316","3.806686507264849"
"IMF.STA:CPI(5.0.0)","MEX.CPI._T.SRP_POP_PCH_PA_PT.A","OBS_VALUE","Mexico","Consumer price index (CPI)","All Items","Standard reference period (2010=100), Period average, Period-over-period percent change","Annual","Units","4.018616080786787","2.720640649640229","2.821707847476604","6.041457240189856","4.899350153565507","3.635961421270462","3.396834155700065","5.689208476837533","7.896276191685497","5.527960873143888","4.722255884529316","3.806686507264849"
"IMF.STA:CPI(5.0.0)","NZL.CPI._T.SRP_IX.A","OBS_VALUE","New Zealand","Consumer price index (CPI)","All Items","Standard reference period (2010=100), Index","Annual","Units","107.6282610111024","107.9432939122643","108.6408669618925","110.6515787371207","112.4201196425951","114.2409117644138","116.19964268334","120.7792107473083","129.4417672056579","136.8628744900403","140.8630996061572","144.8633247222741"
"IMF.STA:CPI(5.0.0)","NZL.CPI._T.SRP_YOY_PCH_PA_PT.A","OBS_VALUE","New Zealand","Consumer price index (CPI)","All Items","Standard reference period (2010=100), Period average, Year-over-year (YOY) percent change","Annual","Units","1.227507505973999","0.2927046281361015","0.6462402844545243","1.85078767452536","1.598297038016956","1.619631901840475","1.714561700072449","3.941120607787283","7.17222476016441","5.733162830349572","2.922797823019567","2.839796318057201"
"IMF.STA:CPI(5.0.0)","NZL.CPI._T.SRP_POP_PCH_PA_PT.A","OBS_VALUE","New Zealand","Consumer price index (CPI)","All Items","Standard reference period (2010=100), Period average, Period-over-period percent change","Annual","Units","1.227507505973999","0.2927046281361015","0.6462402844545243","1.85078767452536","1.598297038016956","1.619631901840475","1.714561700072449","3.941120607787283","7.17222476016441","5.733162830349572","2.922797823019567","2.839796318057201"
"IMF.STA:CPI(5.0.0)","EGY.CPI._T.SRP_IX.A","OBS_VALUE","Egypt, Arab Republic of","Consumer price index (CPI)","All Items","Standard reference period (2010=100), Index","Annual","Units","142.0528006616658","156.7843726369793","178.4419484794417","231.0941154279007","264.3750553825586","288.5727743762627","303.1310771817081","318.9364813082664","363.2548134844875","486.342894474661","623.8348998360248","711.6303897089501"
"IMF.STA:CPI(5.0.0)","EGY.CPI._T.SRP_YOY_PCH_PA_PT.A","OBS_VALUE","Egypt, Arab Republic of","Consumer price index (CPI)","All Items","Standard reference period (2010=100), Period average, Year-over-year (YOY) percent change","Annual","Units","10.0702154687481","10.370490343517","13.81360621482898","29.50660839400387","14.40146578074216","9.152799593248038","5.044932889775388","5.214049405130425","13.89566097751779","33.88477631155461","28.27058993220827","14.07351366459337"
"IMF.STA:CPI(5.0.0)","EGY.CPI._T.SRP_POP_PCH_PA_PT.A","OBS_VALUE","Egypt, Arab Republic of","Consumer price index (CPI)","All Items","Standard reference period (2010=100), Period average, Period-over-period percent change","Annual","Units","10.0702154687481","10.370490343517","13.81360621482898","29.50660839400387","14.40146578074216","9.152799593248038","5.044932889775388","5.214049405130425","13.89566097751779","33.88477631155461","28.27058993220827","14.07351366459337"
"IMF.STA:CPI(5.0.0)","JPN.CPI._T.SRP_IX.A","OBS_VALUE","Japan","Consumer price index (CPI)","All Items","Standard reference period (2010=100), Index","Annual","Units","102.7772895060643","103.5946563543681","103.4628229917384","103.963789769731","104.9920899982422","105.4842678853929","105.4579012128669","105.2118122692916","107.8396906310424","111.3640358586746","114.4137809808403","118.0435928985762"
"IMF.STA:CPI(5.0.0)","JPN.CPI._T.SRP_YOY_PCH_PA_PT.A","OBS_VALUE","Japan","Consumer price index (CPI)","All Items","Standard reference period (2010=100), Period average, Year-over-year (YOY) percent change","Annual","Units","2.759226713532531","0.7952796305798392","-0.1272588444897537","0.4841997961263851","0.989094598021848","0.4687761593839499","-0.02499583402773104","-0.2333527793982636","2.497702781722547","3.268133659331635","2.738536816352407","3.172530342602477"
"IMF.STA:CPI(5.0.0)","JPN.CPI._T.SRP_POP_PCH_PA_PT.A","OBS_VALUE","Japan","Consumer price index (CPI)","All Items","Standard reference period (2010=100), Period average, Period-over-period percent change","Annual","Units","2.759226713532531","0.7952796305798392","-0.1272588444897537","0.4841997961263851","0.989094598021848","0.4687761593839499","-0.02499583402773104","-0.2333527793982636","2.497702781722547","3.268133659331635","2.738536816352407","3.172530342602477"
"IMF.STA:CPI(5.0.0)","JPN.CPI.CP08.IX.A","OBS_VALUE","Japan","Consumer price index (CPI)","Communication","Index","Annual","Units","","","","","","","","","","","",""
"IMF.STA:CPI(5.0.0)","JPN.CPI.CP02.IX.A","OBS_VALUE","Japan","Consumer price index (CPI)","Alcoholic beverages, tobacco and narcotics","Index","Annual","Units","","","","","","","","","","","",""
"IMF.STA:CPI(5.0.0)","JPN.CPI.CP05.IX.A","OBS_VALUE","Japan","Consumer price index (CPI)","Furnishings, household equipment and routine household maintenance","Index","Annual","Units","","","","","","","","","","","",""
"IMF.STA:CPI(5.0.0)","JPN.CPI.CP03.IX.A","OBS_VALUE","Japan","Consumer price index (CPI)","Clothing and footwear","Index","Annual","Units","","","","","","","","","","","",""
"IMF.STA:CPI(5.0.0)","JPN.CPI.CP01.IX.A","OBS_VALUE","Japan","Consumer price index (CPI)","Food and non-alcoholic beverages","Index","Annual","Units","","","","","","","","","","","",""
"IMF.STA:CPI(5.0.0)","JPN.CPI.CP04.IX.A","OBS_VALUE","Japan","Consumer price index (CPI)","Housing, water, electricity, gas and other fuels","Index","Annual","Units","","","","","","","","","","","",""
"IMF.STA:CPI(5.0.0)","JPN.CPI.CP11.IX.A","OBS_VALUE","Japan","Consumer price index (CPI)","Restaurants and hotels","Index","Annual","Units","","","","","","","","","","","",""
"IMF.STA:CPI(5.0.0)","JPN.CPI.CP06.IX.A","OBS_VALUE","Japan","Consumer price index (CPI)","Health","Index","Annual","Units","","","","","","","","","","","",""
"IMF.STA:CPI(5.0.0)","JPN.CPI.CP12.IX.A","OBS_VALUE","Japan","Consumer price index (CPI)","Miscellaneous goods and services","Index","Annual","Units","","","","","","","","","","","",""
"IMF.STA:CPI(5.0.0)","JPN.CPI.CP09.IX.A","OBS_VALUE","Japan","Consumer price index (CPI)","Recreation and culture","Index","Annual","Units","","","","","","","","","","","",""
"IMF.STA:CPI(5.0.0)","JPN.CPI._T.POP_PCH_PA_PT.A","OBS_VALUE","Japan","Consumer price index (CPI)","All Items","Period average, Period-over-period percent change","Annual","Units","2.759226713532528","0.7952796305797845","-0.1272588444897124","0.4841997961264221","0.9890945980218108","0.4687761593839277","-0.02499583402768204","-0.2333527793983098","2.49770278172251","3.268133659331638","2.738536816352429","3.172530342602487"
"IMF.STA:CPI(5.0.0)","JPN.CPI._T.IX.A","OBS_VALUE","Japan","Consumer price index (CPI)","All Items","Index","Annual","Units","97.45","98.225","98.09999999999998","98.575","99.55","100.0166666666667","99.99166666666668","99.75833333333332","102.25","105.5916666666666","108.4833333333334","111.925"
"IMF.STA:CPI(5.0.0)","JPN.CPI.CP07.IX.A","OBS_VALUE","Japan","Consumer price index (CPI)","Transport","Index","Annual","Units","","","","","","","","","","","",""
"IMF.STA:CPI(5.0.0)","JPN.CPI._T.YOY_PCH_PA_PT.A","OBS_VALUE","Japan","Consumer price index (CPI)","All Items","Period average, Year-over-year (YOY) percent change","Annual","Units","2.759226713532528","0.7952796305797845","-0.1272588444897124","0.4841997961264221","0.9890945980218108","0.4687761593839277","-0.02499583402768204","-0.2333527793983098","2.49770278172251","3.268133659331638","2.738536816352429","3.172530342602487"
"IMF.STA:CPI(5.0.0)","JPN.CPI.CP10.IX.A","OBS_VALUE","Japan","Consumer price index (CPI)","Education","Index","Annual","Units","","","","","","","","","","","",""
"IMF.STA:CPI(5.0.0)","RUS.CPI.CP10.IX.A","OBS_VALUE","Russian Federation","Consumer price index (CPI)","Education","Index","Annual","Units","139.2984333333333","152.7235","166.3705333333333","179.008575","195.6691083333333","212.0842083333333","222.0046583333334","228.9376083333333","","","",""
"IMF.STA:CPI(5.0.0)","RUS.CPI.CP02.IX.A","OBS_VALUE","Russian Federation","Consumer price index (CPI)","Alcoholic beverages, tobacco and narcotics","Index","Annual","Units","165.235725","188.147575","206.7427333333333","219.1597083333333","226.328","234.124525","243.4151916666667","255.809525","","","",""
"IMF.STA:CPI(5.0.0)","RUS.CPI._T.IX.A","OBS_VALUE","Russian Federation","Consumer price index (CPI)","All Items","Index","Annual","Units","131.1525083333333","151.5262583333334","162.1974","168.1716666666667","173.012175","180.749325","186.862625","199.3720666666666","226.773125","240.075","260.325","283.025"
"IMF.STA:CPI(5.0.0)","RUS.CPI.CP07.IX.A","OBS_VALUE","Russian Federation","Consumer price index (CPI)","Transport","Index","Annual","Units","126.5924666666666","141.6551","150.3166916666666","157.4390166666667","165.7725333333334","173.7842583333334","178.9186333333334","193.9309","","","",""
"IMF.STA:CPI(5.0.0)","RUS.CPI.CP04.IX.A","OBS_VALUE","Russian Federation","Consumer price index (CPI)","Housing, water, electricity, gas and other fuels","Index","Annual","Units","136.9064666666667","151.8665","162.547575","170.2868916666667","177.056","186.0350416666667","191.658025","202.0129083333334","","","",""
"IMF.STA:CPI(5.0.0)","RUS.CPI.CP12.IX.A","OBS_VALUE","Russian Federation","Consumer price index (CPI)","Miscellaneous goods and services","Index","Annual","Units","130.8701583333334","153.9081666666666","166.2501916666666","172.0466666666667","174.710525","180.4116166666667","185.48315","194.3543166666666","","","",""
"IMF.STA:CPI(5.0.0)","RUS.CPI._T.YOY_PCH_PA_PT.A","OBS_VALUE","Russian Federation","Consumer price index (CPI)","All Items","Period average, Year-over-year (YOY) percent change","Annual","Units","7.820169700138482","15.53439599357016","7.042437254137038","3.683330723344949","2.878313826149846","4.472026318379039","3.382197969480661","6.694458919576132","13.74367973982317","5.865719317489672","8.434864104967198","8.719869394026697"
"IMF.STA:CPI(5.0.0)","RUS.CPI.CP08.IX.A","OBS_VALUE","Russian Federation","Consumer price index (CPI)","Communication","Index","Annual","Units","104.1485666666667","107.5986166666667","110.122625","113.11865","115.267375","117.2918333333333","120.9316666666666","121.0876416666667","","","",""
"IMF.STA:CPI(5.0.0)","RUS.CPI.CP05.IX.A","OBS_VALUE","Russian Federation","Consumer price index (CPI)","Furnishings, household equipment and routine household maintenance","Index","Annual","Units","120.731975","141.4417333333334","152.1169","155.8422083333333","159.2449916666667","165.1526166666666","170.3983416666666","182.5292583333333","","","",""
"IMF.STA:CPI(5.0.0)","RUS.CPI.CP01.IX.A","OBS_VALUE","Russian Federation","Consumer price index (CPI)","Food and non-alcoholic beverages","Index","Annual","Units","133.6572083333333","161.7059666666667","171.027125","175.6463916666666","178.485575","188.6102083333333","196.7683916666667","215.6675916666666","","","",""
"IMF.STA:CPI(5.0.0)","RUS.CPI.CP03.IX.A","OBS_VALUE","Russian Federation","Consumer price index (CPI)","Clothing and footwear","Index","Annual","Units","124.8501166666666","138.5961416666666","151.6271666666667","159.1482666666666","163.0211833333333","166.5269666666666","169.126625","173.2614916666667","","","",""
"IMF.STA:CPI(5.0.0)","RUS.CPI.CP06.IX.A","OBS_VALUE","Russian Federation","Consumer price index (CPI)","Health","Index","Annual","Units","134.9523","158.7371916666667","170.9210416666667","176.4870416666667","180.484575","189.934225","202.2094666666667","214.1394833333334","","","",""
"IMF.STA:CPI(5.0.0)","RUS.CPI.CP09.IX.A","OBS_VALUE","Russian Federation","Consumer price index (CPI)","Recreation and culture","Index","Annual","Units","121.2499333333333","144.983575","158.468625","161.3733083333334","167.7008666666666","173.3605666666667","176.64505","184.9769166666666","","","",""
"IMF.STA:CPI(5.0.0)","RUS.CPI._T.POP_PCH_PA_PT.A","OBS_VALUE","Russian Federation","Consumer price index (CPI)","All Items","Period average, Period-over-period percent change","Annual","Units","7.820169700138482","15.53439599357016","7.042437254137038","3.683330723344949","2.878313826149846","4.472026318379039","3.382197969480661","6.694458919576132","13.74367973982317","5.865719317489672","8.434864104967198","8.719869394026697"
"IMF.STA:CPI(5.0.0)","RUS.CPI.CP11.IX.A","OBS_VALUE","Russian Federation","Consumer price index (CPI)","Restaurants and hotels","Index","Annual","Units","132.4654416666667","147.1169583333333","156.394725","161.494975","165.3674666666667","170.8101583333333","174.56945","185.0081","","","",""
"IMF.STA:CPI(5.0.0)","RUS.CPI._T.SRP_POP_PCH_PA_PT.A","OBS_VALUE","Russian Federation","Consumer price index (CPI)","All Items","Standard reference period (2010=100), Period average, Period-over-period percent change","Annual","Units","7.820169700138449","15.53439599357014","7.042437254137072","3.683330723344951","2.878313826149806","4.472026318379035","3.382197969480676","6.694458919576123","13.74367973982316","5.865719317489674","8.434864104967232","8.719869394026662"
"IMF.STA:CPI(5.0.0)","RUS.CPI._T.SRP_YOY_PCH_PA_PT.A","OBS_VALUE","Russian Federation","Consumer price index (CPI)","All Items","Standard reference period (2010=100), Period average, Year-over-year (YOY) percent change","Annual","Units","7.820169700138449","15.53439599357014","7.042437254137072","3.683330723344951","2.878313826149806","4.472026318379035","3.382197969480676","6.694458919576123","13.74367973982316","5.865719317489674","8.434864104967232","8.719869394026662"
"IMF.STA:CPI(5.0.0)","RUS.CPI._T.SRP_IX.A","OBS_VALUE","Russian Federation","Consumer price index (CPI)","All Items","Standard reference period (2010=100), Index","Annual","Units","131.1525061474583","151.5262558078959","162.1973972967102","168.1716638638058","173.0121721164639","180.7493219875114","186.8626218856231","199.372063343799","226.7731212204481","240.0749959987502","260.3249956612503","283.0249952829169"
"IMF.STA:CPI(5.0.0)","IDN.CPI.CP08.IX.A","OBS_VALUE","Indonesia","Consumer price index (CPI)","Communication","Index","Annual","Units","","","","","","","","","","","",""
"IMF.STA:CPI(5.0.0)","IDN.CPI.CP11.IX.A","OBS_VALUE","Indonesia","Consumer price index (CPI)","Restaurants and hotels","Index","Annual","Units","","","","","","","","","","","",""
"IMF.STA:CPI(5.0.0)","IDN.CPI.CP03.IX.A","OBS_VALUE","Indonesia","Consumer price index (CPI)","Clothing and footwear","Index","Annual","Units","","","","","","","","","","","",""
"IMF.STA:CPI(5.0.0)","IDN.CPI.CP06.IX.A","OBS_VALUE","Indonesia","Consumer price index (CPI)","Health","Index","Annual","Units","","","","","","","","","","","",""
"IMF.STA:CPI(5.0.0)","IDN.CPI.CP10.IX.A","OBS_VALUE","Indonesia","Consumer price index (CPI)","Education","Index","Annual","Units","","","","","","","","","","","",""
"IMF.STA:CPI(5.0.0)","IDN.CPI.CP09.IX.A","OBS_VALUE","Indonesia","Consumer price index (CPI)","Recreation and culture","Index","Annual","Units","","","","","","","","","","","",""
"IMF.STA:CPI(5.0.0)","IDN.CPI.CP05.IX.A","OBS_VALUE","Indonesia","Consumer price index (CPI)","Furnishings, household equipment and routine household maintenance","Index","Annual","Units","","","","","","","","","","","",""
"IMF.STA:CPI(5.0.0)","IDN.CPI.CP02.IX.A","OBS_VALUE","Indonesia","Consumer price index (CPI)","Alcoholic beverages, tobacco and narcotics","Index","Annual","Units","","","","","","","","","","","",""
"IMF.STA:CPI(5.0.0)","IDN.CPI.CP01.IX.A","OBS_VALUE","Indonesia","Consumer price index (CPI)","Food and non-alcoholic beverages","Index","Annual","Units","","","","","","","","","","","",""
"IMF.STA:CPI(5.0.0)","IDN.CPI.CP12.IX.A","OBS_VALUE","Indonesia","Consumer price index (CPI)","Miscellaneous goods and services","Index","Annual","Units","","","","","","","","","","","",""
"IMF.STA:CPI(5.0.0)","IDN.CPI.CP04.IX.A","OBS_VALUE","Indonesia","Consumer price index (CPI)","Housing, water, electricity, gas and other fuels","Index","Annual","Units","","","","","","","","","","","",""
"IMF.STA:CPI(5.0.0)","IDN.CPI._T.IX.A","OBS_VALUE","Indonesia","Consumer price index (CPI)","All Items","Index","Annual","Units","76.39776083333335","81.2590425","84.1240775","87.32819416666665","90.12125333333332","92.85245416666665","94.63506833333332","96.11144999999998","100.1572275","103.8323833333333","106.0975","108.1275"
"IMF.STA:CPI(5.0.0)","IDN.CPI._T.POP_PCH_PA_PT.A","OBS_VALUE","Indonesia","Consumer price index (CPI)","All Items","Period average, Period-over-period percent change","Annual","Units","6.394928823965607","6.363120611966429","3.525804528154513","3.808798576919491","3.198347559249984","3.030584609416584","1.919835272707973","1.560078829833353","4.209464637147833","3.669386548597604","2.181512736151872","1.913334432950824"
"IMF.STA:CPI(5.0.0)","IDN.CPI._T.YOY_PCH_PA_PT.A","OBS_VALUE","Indonesia","Consumer price index (CPI)","All Items","Period average, Year-over-year (YOY) percent change","Annual","Units","6.394928823965607","6.363120611966429","3.525804528154513","3.808798576919491","3.198347559249984","3.030584609416584","1.919835272707973","1.560078829833353","4.209464637147833","3.669386548597604","2.181512736151872","1.913334432950824"
"IMF.STA:CPI(5.0.0)","IDN.CPI.CP07.IX.A","OBS_VALUE","Indonesia","Consumer price index (CPI)","Transport","Index","Annual","Units","","","","","","","","","","","",""
"IMF.STA:CPI(5.0.0)","ARG.CPI.CP05.IX.A","OBS_VALUE","Argentina","Consumer price index (CPI)","Furnishings, household equipment and routine household maintenance","Index","Annual","Units","","","","108.2949166666667","143.632275","227.237","334.4055416666668","494.8750916666668","841.4454416666668","2013.404366666666","6125.894366666668","7757.633333333335"
"IMF.STA:CPI(5.0.0)","ARG.CPI.CP02.POP_PCH_PA_PT.A","OBS_VALUE","Argentina","Consumer price index (CPI)","Alcoholic beverages, tobacco and narcotics","Period average, Period-over-period percent change","Annual","Units","","","","","22.38976077201763","39.02416066840301","43.14102993147284","47.93839795522758","66.46165207216827","130.0802906861515","211.6874086835689","37.50913585019442"
"IMF.STA:CPI(5.0.0)","ARG.CPI.CP05.YOY_PCH_PA_PT.A","OBS_VALUE","Argentina","Consumer price index (CPI)","Furnishings, household equipment and routine household maintenance","Period average, Year-over-year (YOY) percent change","Annual","Units","","","","","32.63067133806677","58.20747808944751","47.16157213247262","47.98651039101349","70.03188397152943","139.2792529339369","204.2555419112615","26.63674671808875"
"IMF.STA:CPI(5.0.0)","ARG.CPI.CP02.YOY_PCH_PA_PT.A","OBS_VALUE","Argentina","Consumer price index (CPI)","Alcoholic beverages, tobacco and narcotics","Period average, Year-over-year (YOY) percent change","Annual","Units","","","","","22.38976077201763","39.02416066840301","43.14102993147284","47.93839795522758","66.46165207216827","130.0802906861515","211.6874086835689","37.50913585019442"
"IMF.STA:CPI(5.0.0)","ARG.CPI.CP08.POP_PCH_PA_PT.A","OBS_VALUE","Argentina","Consumer price index (CPI)","Communication","Period average, Period-over-period percent change","Annual","Units","","","","","41.12606164789693","57.85682990833081","36.07655210492542","26.03850707005853","41.73369322562962","117.8025824552161","282.720251448049","49.17143717719186"
"IMF.STA:CPI(5.0.0)","ARG.CPI.CP05.POP_PCH_PA_PT.A","OBS_VALUE","Argentina","Consumer price index (CPI)","Furnishings, household equipment and routine household maintenance","Period average, Period-over-period percent change","Annual","Units","","","","","32.63067133806677","58.20747808944751","47.16157213247262","47.98651039101349","70.03188397152943","139.2792529339369","204.2555419112615","26.63674671808875"
"IMF.STA:CPI(5.0.0)","ARG.CPI.CP08.YOY_PCH_PA_PT.A","OBS_VALUE","Argentina","Consumer price index (CPI)","Communication","Period average, Year-over-year (YOY) percent change","Annual","Units","","","","","41.12606164789693","57.85682990833081","36.07655210492542","26.03850707005853","41.73369322562962","117.8025824552161","282.720251448049","49.17143717719186"
"IMF.STA:CPI(5.0.0)","ARG.CPI.CP01.POP_PCH_PA_PT.A","OBS_VALUE","Argentina","Consumer price index (CPI)","Food and non-alcoholic beverages","Period average, Period-over-period percent change","Annual","Units","","","","","32.73381179550902","58.36287931506208","46.96305529827826","49.84581800945546","74.63056300952623","144.1861800742888","218.228560263042","36.03370041322295"
"IMF.STA:CPI(5.0.0)","ARG.CPI.CP10.POP_PCH_PA_PT.A","OBS_VALUE","Argentina","Consumer price index (CPI)","Education","Period average, Period-over-period percent change","Annual","Units","","","","","30.45472751972545","40.41293590113156","33.59237186017342","41.35960098923311","66.28190844390328","115.0074991518632","193.880406026531","76.16691005027067"
"IMF.STA:CPI(5.0.0)","ARG.CPI.CP03.YOY_PCH_PA_PT.A","OBS_VALUE","Argentina","Consumer price index (CPI)","Clothing and footwear","Period average, Year-over-year (YOY) percent change","Annual","Units","","","","","22.64724235809362","44.03537242053103","57.16026340464001","65.25756990352855","96.85269859527801","127.2671803617919","156.4377093659194","29.75590505682618"
"IMF.STA:CPI(5.0.0)","ARG.CPI.CP02.IX.A","OBS_VALUE","Argentina","Consumer price index (CPI)","Alcoholic beverages, tobacco and narcotics","Index","Annual","Units","","","","113.9317666666667","139.4408166666667","193.856425","277.4880833333332","410.511425","683.3441","1572.240091666666","4900.4744","6738.6"
"IMF.STA:CPI(5.0.0)","ARG.CPI.CP08.IX.A","OBS_VALUE","Argentina","Consumer price index (CPI)","Communication","Index","Annual","Units","","","","120.3004","169.7752166666666","268.001775","364.687575","459.646775","651.47435","1418.927958333333","5430.52465","8100.791666666668"
"IMF.STA:CPI(5.0.0)","ARG.CPI.CP12.POP_PCH_PA_PT.A","OBS_VALUE","Argentina","Consumer price index (CPI)","Miscellaneous goods and services","Period average, Period-over-period percent change","Annual","Units","","","","","31.35880079362249","57.8932183294682","41.22499102971107","33.25424102903724","67.61705371000294","129.4987021356324","276.4044748520267","38.82361481939819"
"IMF.STA:CPI(5.0.0)","ARG.CPI.CP12.IX.A","OBS_VALUE","Argentina","Consumer price index (CPI)","Miscellaneous goods and services","Index","Annual","Units","","","","111.215775","146.0917083333334","230.6689","325.7621333333332","434.0918583333335","727.6119833333335","1669.860058333334","6285.427983333332","8725.658333333332"
"IMF.STA:CPI(5.0.0)","ARG.CPI.CP07.POP_PCH_PA_PT.A","OBS_VALUE","Argentina","Consumer price index (CPI)","Transport","Period average, Period-over-period percent change","Annual","Units","","","","","43.54607044782922","57.14415077793426","38.26270131922704","55.69607341601343","67.79515944327035","115.152710727304","250.1595501151719","36.632082320056"
"IMF.STA:CPI(5.0.0)","ARG.CPI.CP04.POP_PCH_PA_PT.A","OBS_VALUE","Argentina","Consumer price index (CPI)","Housing, water, electricity, gas and other fuels","Period average, Period-over-period percent change","Annual","Units","","","","","52.76064870519113","49.28076979963603","19.94691108478647","26.22545619438861","52.54021510230847","117.1081141122977","270.1213070320354","74.07986857156337"
"IMF.STA:CPI(5.0.0)","ARG.CPI.CP10.IX.A","OBS_VALUE","Argentina","Consumer price index (CPI)","Education","Index","Annual","Units","","","","121.1271166666667","158.01605","221.874975","296.4080416666668","419.001225","696.7232333333332","1498.0072","4402.349641666668","7755.483333333332"
"IMF.STA:CPI(5.0.0)","ARG.CPI.CP11.YOY_PCH_PA_PT.A","OBS_VALUE","Argentina","Consumer price index (CPI)","Restaurants and hotels","Period average, Year-over-year (YOY) percent change","Annual","Units","","","","","29.23058202999459","47.50215330373639","40.50699378321728","52.75474082590644","88.54966116504053","151.3734515032566","210.3501516313329","58.99245086897502"
"IMF.STA:CPI(5.0.0)","ARG.CPI._T.POP_PCH_PA_PT.A","OBS_VALUE","Argentina","Consumer price index (CPI)","All Items","Period average, Period-over-period percent change","Annual","Units","","","","","34.27722371310032","53.5483043492339","42.01509473765087","48.40937862551991","72.43075753182404","133.4889355941749","219.883929014578","41.9208379402427"
"IMF.STA:CPI(5.0.0)","ARG.CPI._T.YOY_PCH_PA_PT.A","OBS_VALUE","Argentina","Consumer price index (CPI)","All Items","Period average, Year-over-year (YOY) percent change","Annual","Units","","","","","34.27722371310032","53.5483043492339","42.01509473765087","48.40937862551991","72.43075753182404","133.4889355941749","219.883929014578","41.9208379402427"
"IMF.STA:CPI(5.0.0)","ARG.CPI.CP11.POP_PCH_PA_PT.A","OBS_VALUE","Argentina","Consumer price index (CPI)","Restaurants and hotels","Period average, Period-over-period percent change","Annual","Units","","","","","29.23058202999459","47.50215330373639","40.50699378321728","52.75474082590644","88.54966116504053","151.3734515032566","210.3501516313329","58.99245086897502"
"IMF.STA:CPI(5.0.0)","ARG.CPI.CP09.IX.A","OBS_VALUE","Argentina","Consumer price index (CPI)","Recreation and culture","Index","Annual","Units","","","","113.2242","147.4802","217.5667583333333","321.5102333333332","481.999725","790.5378","1867.019775","5744.076283333332","8120.333333333332"
"IMF.STA:CPI(5.0.0)","ARG.CPI.CP06.IX.A","OBS_VALUE","Argentina","Consumer price index (CPI)","Health","Index","Annual","Units","","","","114.9603583333333","153.2562666666667","251.6413416666668","360.7147166666665","544.8181833333335","924.8785083333332","2131.4676","7226.676675","10161.15833333334"
"IMF.STA:CPI(5.0.0)","ARG.CPI.CP03.IX.A","OBS_VALUE","Argentina","Consumer price index (CPI)","Clothing and footwear","Index","Annual","Units","","","","108.3035833333334","132.8313583333333","191.3241416666667","300.685525","496.9055916666668","978.1720666666665","2223.064075","5700.774591666665","7397.091666666668"
"IMF.STA:CPI(5.0.0)","ARG.CPI.CP09.YOY_PCH_PA_PT.A","OBS_VALUE","Argentina","Consumer price index (CPI)","Recreation and culture","Period average, Year-over-year (YOY) percent change","Annual","Units","","","","","30.25501615379044","47.52269005150068","47.77543950015951","49.91738210095341","64.01208527660467","136.1708415460968","207.6601737297256","41.36882821167966"
"IMF.STA:CPI(5.0.0)","ARG.CPI.CP04.IX.A","OBS_VALUE","Argentina","Consumer price index (CPI)","Housing, water, electricity, gas and other fuels","Index","Annual","Units","","","","123.004","187.9017083333333","280.5011166666668","336.452425","424.6886083333332","647.8209166666668","1406.471775","5205.651716666668","9061.991666666668"
"IMF.STA:CPI(5.0.0)","ARG.CPI.CP07.IX.A","OBS_VALUE","Argentina","Consumer price index (CPI)","Transport","Index","Annual","Units","","","","109.6260416666667","157.363875","247.288125","341.9072416666668","532.33615","893.2342916666668","1921.817791666667","6729.428533333332","9194.558333333335"
"IMF.STA:CPI(5.0.0)","ARG.CPI._T.IX.A","OBS_VALUE","Argentina","Consumer price index (CPI)","All Items","Index","Annual","Units","","","","112.8871083333334","151.581675","232.7510916666666","330.5416833333332","490.5548583333335","845.8674583333332","1975.006925","6317.72975","8966.175"
"IMF.STA:CPI(5.0.0)","ARG.CPI.CP12.YOY_PCH_PA_PT.A","OBS_VALUE","Argentina","Consumer price index (CPI)","Miscellaneous goods and services","Period average, Year-over-year (YOY) percent change","Annual","Units","","","","","31.35880079362249","57.8932183294682","41.22499102971107","33.25424102903724","67.61705371000294","129.4987021356324","276.4044748520267","38.82361481939819"
"IMF.STA:CPI(5.0.0)","ARG.CPI.CP06.YOY_PCH_PA_PT.A","OBS_VALUE","Argentina","Consumer price index (CPI)","Health","Period average, Year-over-year (YOY) percent change","Annual","Units","","","","","33.3122729335033","64.19644503933286","43.34477565474207","51.03852384176371","69.75911168652556","130.459198780712","239.0469869211242","40.60623977387697"
"IMF.STA:CPI(5.0.0)","ARG.CPI.CP07.YOY_PCH_PA_PT.A","OBS_VALUE","Argentina","Consumer price index (CPI)","Transport","Period average, Year-over-year (YOY) percent change","Annual","Units","","","","","43.54607044782922","57.14415077793426","38.26270131922704","55.69607341601343","67.79515944327035","115.152710727304","250.1595501151719","36.632082320056"
"IMF.STA:CPI(5.0.0)","ARG.CPI.CP04.YOY_PCH_PA_PT.A","OBS_VALUE","Argentina","Consumer price index (CPI)","Housing, water, electricity, gas and other fuels","Period average, Year-over-year (YOY) percent change","Annual","Units","","","","","52.76064870519113","49.28076979963603","19.94691108478647","26.22545619438861","52.54021510230847","117.1081141122977","270.1213070320354","74.07986857156337"
"IMF.STA:CPI(5.0.0)","ARG.CPI.CP01.IX.A","OBS_VALUE","Argentina","Consumer price index (CPI)","Food and non-alcoholic beverages","Index","Annual","Units","","","","111.6830416666667","148.2411583333333","234.7589666666667","345.00895","516.9814833333332","902.8076749999998","2204.531575","7015.449091666665","9543.375000000002"
"IMF.STA:CPI(5.0.0)","ARG.CPI.CP03.POP_PCH_PA_PT.A","OBS_VALUE","Argentina","Consumer price index (CPI)","Clothing and footwear","Period average, Period-over-period percent change","Annual","Units","","","","","22.64724235809362","44.03537242053103","57.16026340464001","65.25756990352855","96.85269859527801","127.2671803617919","156.4377093659194","29.75590505682618"
"IMF.STA:CPI(5.0.0)","ARG.CPI.CP06.POP_PCH_PA_PT.A","OBS_VALUE","Argentina","Consumer price index (CPI)","Health","Period average, Period-over-period percent change","Annual","Units","","","","","33.3122729335033","64.19644503933286","43.34477565474207","51.03852384176371","69.75911168652556","130.459198780712","239.0469869211242","40.60623977387697"
"IMF.STA:CPI(5.0.0)","ARG.CPI.CP09.POP_PCH_PA_PT.A","OBS_VALUE","Argentina","Consumer price index (CPI)","Recreation and culture","Period average, Period-over-period percent change","Annual","Units","","","","","30.25501615379044","47.52269005150068","47.77543950015951","49.91738210095341","64.01208527660467","136.1708415460968","207.6601737297256","41.36882821167966"
"IMF.STA:CPI(5.0.0)","ARG.CPI.CP01.YOY_PCH_PA_PT.A","OBS_VALUE","Argentina","Consumer price index (CPI)","Food and non-alcoholic beverages","Period average, Year-over-year (YOY) percent change","Annual","Units","","","","","32.73381179550902","58.36287931506208","46.96305529827826","49.84581800945546","74.63056300952623","144.1861800742888","218.228560263042","36.03370041322295"
"IMF.STA:CPI(5.0.0)","ARG.CPI.CP10.YOY_PCH_PA_PT.A","OBS_VALUE","Argentina","Consumer price index (CPI)","Education","Period average, Year-over-year (YOY) percent change","Annual","Units","","","","","30.45472751972545","40.41293590113156","33.59237186017342","41.35960098923311","66.28190844390328","115.0074991518632","193.880406026531","76.16691005027067"
"IMF.STA:CPI(5.0.0)","ARG.CPI.CP11.IX.A","OBS_VALUE","Argentina","Consumer price index (CPI)","Restaurants and hotels","Index","Annual","Units","","","","112.2475083333333","145.0581083333333","213.9638333333333","300.63415","459.2329166666668","865.8821083333332","2176.597741666667","6755.074391666668","10740.05833333334"
"IMF.STA:CPI(5.0.0)","IDN.CPI._T.SRP_YOY_PCH_PA_PT.A","OBS_VALUE","Indonesia","Consumer price index (CPI)","All Items","Standard reference period (2010=100), Period average, Year-over-year (YOY) percent change","Annual","Units","6.394928823965593","6.363120611966463","3.525804528154512","3.808798576919489","3.198347559249961","3.030584609416606","1.919835272707928","1.560078829833344","4.209464637147842","3.669386548597611","2.181512736151888","1.913334432950795"
"IMF.STA:CPI(5.0.0)","IDN.CPI._T.SRP_IX.A","OBS_VALUE","Indonesia","Consumer price index (CPI)","All Items","Standard reference period (2010=100), Index","Annual","Units","124.3861499940403","132.3009907427426","136.9656650651435","142.182411367013","146.7298990506526","151.1766727886942","154.0790158769978","156.4827699849104","163.0698568506546","169.0535202427499","172.7414443177586","176.0465658518668"
"IMF.STA:CPI(5.0.0)","IDN.CPI._T.SRP_POP_PCH_PA_PT.A","OBS_VALUE","Indonesia","Consumer price index (CPI)","All Items","Standard reference period (2010=100), Period average, Period-over-period percent change","Annual","Units","6.394928823965593","6.363120611966463","3.525804528154512","3.808798576919489","3.198347559249961","3.030584609416606","1.919835272707928","1.560078829833344","4.209464637147842","3.669386548597611","2.181512736151888","1.913334432950795"
"IMF.STA:CPI(5.0.0)","TUR.CPI._T.SRP_IX.A","OBS_VALUE","Türkiye, Republic of","Consumer price index (CPI)","All Items","Standard reference period (2010=100), Index","Annual","Units","135.6614349775784","146.0678251121076","157.4247944693572","174.9687032884903","203.545403587444","234.4371263079222","263.2235612855007","314.8061472346787","542.4388079222722","834.5931427503739","1322.883968609865","1784.321281763827"
"IMF.STA:CPI(5.0.0)","TUR.CPI._T.SRP_YOY_PCH_PA_PT.A","OBS_VALUE","Türkiye, Republic of","Consumer price index (CPI)","All Items","Standard reference period (2010=100), Period average, Year-over-year (YOY) percent change","Annual","Units","8.85457271364316","7.670853648458848","7.775134153283301","11.14431108407642","16.33246389889289","15.17682157200223","12.27895744625741","19.5964926913324","72.30883598912065","53.85940875933151","58.50645073003415","34.88116298203064"
"IMF.STA:CPI(5.0.0)","TUR.CPI._T.SRP_POP_PCH_PA_PT.A","OBS_VALUE","Türkiye, Republic of","Consumer price index (CPI)","All Items","Standard reference period (2010=100), Period average, Period-over-period percent change","Annual","Units","8.85457271364316","7.670853648458848","7.775134153283301","11.14431108407642","16.33246389889289","15.17682157200223","12.27895744625741","19.5964926913324","72.30883598912065","53.85940875933151","58.50645073003415","34.88116298203064"
"IMF.STA:CPI(5.0.0)","TUR.CPI.CP10.IX.A","OBS_VALUE","Türkiye, Republic of","Consumer price index (CPI)","Education","Index","Annual","Units","","","","","","","","","","","",""
"IMF.STA:CPI(5.0.0)","TUR.CPI.CP02.IX.A","OBS_VALUE","Türkiye, Republic of","Consumer price index (CPI)","Alcoholic beverages, tobacco and narcotics","Index","Annual","Units","","","","","","","","","","","",""
"IMF.STA:CPI(5.0.0)","TUR.CPI.CP01.IX.A","OBS_VALUE","Türkiye, Republic of","Consumer price index (CPI)","Food and non-alcoholic beverages","Index","Annual","Units","","","","","","","","","","","",""
"IMF.STA:CPI(5.0.0)","TUR.CPI.CP04.IX.A","OBS_VALUE","Türkiye, Republic of","Consumer price index (CPI)","Housing, water, electricity, gas and other fuels","Index","Annual","Units","","","","","","","","","","","",""
"IMF.STA:CPI(5.0.0)","TUR.CPI.CP03.IX.A","OBS_VALUE","Türkiye, Republic of","Consumer price index (CPI)","Clothing and footwear","Index","Annual","Units","","","","","","","","","","","",""
"IMF.STA:CPI(5.0.0)","TUR.CPI.CP05.IX.A","OBS_VALUE","Türkiye, Republic of","Consumer price index (CPI)","Furnishings, household equipment and routine household maintenance","Index","Annual","Units","","","","","","","","","","","",""
"IMF.STA:CPI(5.0.0)","TUR.CPI.CP08.IX.A","OBS_VALUE","Türkiye, Republic of","Consumer price index (CPI)","Communication","Index","Annual","Units","","","","","","","","","","","",""
"IMF.STA:CPI(5.0.0)","TUR.CPI.CP06.IX.A","OBS_VALUE","Türkiye, Republic of","Consumer price index (CPI)","Health","Index","Annual","Units","","","","","","","","","","","",""
"IMF.STA:CPI(5.0.0)","TUR.CPI.CP12.IX.A","OBS_VALUE","Türkiye, Republic of","Consumer price index (CPI)","Miscellaneous goods and services","Index","Annual","Units","","","","","","","","","","","",""
"IMF.STA:CPI(5.0.0)","TUR.CPI._T.IX.A","OBS_VALUE","Türkiye, Republic of","Consumer price index (CPI)","All Items","Index","Annual","Units","7.602971306639118","8.18618410850572","8.822670904976802","9.805896796551712","11.40744135081122","13.13872837055464","14.75202723615439","17.64290717531075","30.400287988419","46.77370336011555","74.1393370711139","100.0000000686862"
"IMF.STA:CPI(5.0.0)","TUR.CPI.CP09.IX.A","OBS_VALUE","Türkiye, Republic of","Consumer price index (CPI)","Recreation and culture","Index","Annual","Units","","","","","","","","","","","",""
"IMF.STA:CPI(5.0.0)","TUR.CPI.CP07.IX.A","OBS_VALUE","Türkiye, Republic of","Consumer price index (CPI)","Transport","Index","Annual","Units","","","","","","","","","","","",""
"IMF.STA:CPI(5.0.0)","TUR.CPI.CP11.IX.A","OBS_VALUE","Türkiye, Republic of","Consumer price index (CPI)","Restaurants and hotels","Index","Annual","Units","","","","","","","","","","","",""
"IMF.STA:CPI(5.0.0)","TUR.CPI._T.POP_PCH_PA_PT.A","OBS_VALUE","Türkiye, Republic of","Consumer price index (CPI)","All Items","Period average, Period-over-period percent change","Annual","Units","8.854572713643188","7.670853648458794","7.775134153283346","11.14431108407636","16.33246389889294","15.17682157200223","12.27895744625738","19.5964926913324","72.30883598912066","53.85940875933152","58.50645073003419","34.88116298203064"
"IMF.STA:CPI(5.0.0)","TUR.CPI._T.YOY_PCH_PA_PT.A","OBS_VALUE","Türkiye, Republic of","Consumer price index (CPI)","All Items","Period average, Year-over-year (YOY) percent change","Annual","Units","8.854572713643188","7.670853648458794","7.775134153283346","11.14431108407636","16.33246389889294","15.17682157200223","12.27895744625738","19.5964926913324","72.30883598912066","53.85940875933152","58.50645073003419","34.88116298203064"
"IMF.STA:CPI(5.0.0)","FRA.CPI._T.SRP_IX.A","OBS_VALUE","France","Consumer price index (CPI)","All Items","Standard reference period (2010=100), Index","Annual","Units","105.5394252934242","105.5790177550195","105.7725809005965","106.8644530081473","108.8423164229531","110.0485667528903","110.5729469109082","112.3889211494132","118.2582836227983","124.0273451934752","126.5067131218217","127.7006457970403"
"IMF.STA:CPI(5.0.0)","FRA.CPI.CP03.IX.A","OBS_VALUE","France","Consumer price index (CPI)","Clothing and footwear","Index","Annual","Units","","","","","","","","","","","",""
"IMF.STA:CPI(5.0.0)","FRA.CPI.CP08.IX.A","OBS_VALUE","France","Consumer price index (CPI)","Communication","Index","Annual","Units","","","","","","","","","","","",""
"IMF.STA:CPI(5.0.0)","FRA.CPI._T.IX.A","OBS_VALUE","France","Consumer price index (CPI)","All Items","Index","Annual","Units","82.64451230522188","82.6755158820408","82.82708892426652","83.6820986760946","85.23089958029235","86.17547522070832","86.5861003714654","88.00813109489252","92.6042391162018","97.1218047429032","99.06331762014045","99.9982477033239"
"IMF.STA:CPI(5.0.0)","FRA.CPI.CP10.IX.A","OBS_VALUE","France","Consumer price index (CPI)","Education","Index","Annual","Units","","","","","","","","","","","",""
"IMF.STA:CPI(5.0.0)","FRA.CPI.CP11.IX.A","OBS_VALUE","France","Consumer price index (CPI)","Restaurants and hotels","Index","Annual","Units","","","","","","","","","","","",""
"IMF.STA:CPI(5.0.0)","FRA.CPI.CP05.IX.A","OBS_VALUE","France","Consumer price index (CPI)","Furnishings, household equipment and routine household maintenance","Index","Annual","Units","","","","","","","","","","","",""
"IMF.STA:CPI(5.0.0)","FRA.CPI.CP02.IX.A","OBS_VALUE","France","Consumer price index (CPI)","Alcoholic beverages, tobacco and narcotics","Index","Annual","Units","","","","","","","","","","","",""
"IMF.STA:CPI(5.0.0)","FRA.CPI.CP04.IX.A","OBS_VALUE","France","Consumer price index (CPI)","Housing, water, electricity, gas and other fuels","Index","Annual","Units","","","","","","","","","","","",""
"IMF.STA:CPI(5.0.0)","FRA.CPI.CP09.IX.A","OBS_VALUE","France","Consumer price index (CPI)","Recreation and culture","Index","Annual","Units","","","","","","","","","","","",""
"IMF.STA:CPI(5.0.0)","FRA.CPI.CP12.IX.A","OBS_VALUE","France","Consumer price index (CPI)","Miscellaneous goods and services","Index","Annual","Units","","","","","","","","","","","",""
"IMF.STA:CPI(5.0.0)","FRA.CPI._T.POP_PCH_PA_PT.A","OBS_VALUE","France","Consumer price index (CPI)","All Items","Period average, Period-over-period percent change","Annual","Units","0.507758822937971","0.03751438051254741","0.1833348611237943","1.032282750646789","1.850815083154929","1.108254922882899","0.4764988527251023","1.642331410383915","5.22236748369721","4.878357265084443","1.999049422914599","0.9437702124700197"
"IMF.STA:CPI(5.0.0)","FRA.CPI._T.YOY_PCH_PA_PT.A","OBS_VALUE","France","Consumer price index (CPI)","All Items","Period average, Year-over-year (YOY) percent change","Annual","Units","0.507758822937971","0.03751438051254741","0.1833348611237943","1.032282750646789","1.850815083154929","1.108254922882899","0.4764988527251023","1.642331410383915","5.22236748369721","4.878357265084443","1.999049422914599","0.9437702124700197"
"IMF.STA:CPI(5.0.0)","FRA.CPI.CP06.IX.A","OBS_VALUE","France","Consumer price index (CPI)","Health","Index","Annual","Units","","","","","","","","","","","",""
"IMF.STA:CPI(5.0.0)","FRA.CPI.CP01.IX.A","OBS_VALUE","France","Consumer price index (CPI)","Food and non-alcoholic beverages","Index","Annual","Units","","","","","","","","","","","",""
"IMF.STA:CPI(5.0.0)","FRA.CPI.CP07.IX.A","OBS_VALUE","France","Consumer price index (CPI)","Transport","Index","Annual","Units","","","","","","","","","","","",""
"IMF.STA:CPI(5.0.0)","FRA.CPI._T.SRP_POP_PCH_PA_PT.A","OBS_VALUE","France","Consumer price index (CPI)","All Items","Standard reference period (2010=100), Period average, Period-over-period percent change","Annual","Units","0.5077588229379897","0.03751438051251817","0.1833348611237648","1.03228275064681","1.850815083154928","1.108254922882936","0.4764988527250654","1.642331410383937","5.222367483697253","4.878357265084403","1.999049422914628","0.9437702124699763"
"IMF.STA:CPI(5.0.0)","FRA.CPI._T.SRP_YOY_PCH_PA_PT.A","OBS_VALUE","France","Consumer price index (CPI)","All Items","Standard reference period (2010=100), Period average, Year-over-year (YOY) percent change","Annual","Units","0.5077588229379897","0.03751438051251817","0.1833348611237648","1.03228275064681","1.850815083154928","1.108254922882936","0.4764988527250654","1.642331410383937","5.222367483697253","4.878357265084403","1.999049422914628","0.9437702124699763"
"IMF.STA:CPI(5.0.0)","IND.CPI.CP10.IX.A","OBS_VALUE","India","Consumer price index (CPI)","Education","Index","Annual","Units","93.4411034431697","100.0000000000001","105.7139028712965","111.085796464744","117.8525865369582","","","","","","",""
"IMF.STA:CPI(5.0.0)","IND.CPI.CP12.IX.A","OBS_VALUE","India","Consumer price index (CPI)","Miscellaneous goods and services","Index","Annual","Units","97.05726105019765","99.99999999999995","106.3671767028738","110.4217455143995","115.6622602485525","","","","","","",""
"IMF.STA:CPI(5.0.0)","IND.CPI.CP08.IX.A","OBS_VALUE","India","Consumer price index (CPI)","Communication","Index","Annual","Units","97.6742449011174","99.99999999999992","102.482318670491","103.0637574452115","103.563190989667","","","","","","",""
"IMF.STA:CPI(5.0.0)","IND.CPI.CP03.IX.A","OBS_VALUE","India","Consumer price index (CPI)","Clothing and footwear","Index","Annual","Units","94.3483601669648","99.99999999999995","105.2938580799045","110.1040151063408","115.2454780361755","","","","","","",""
"IMF.STA:CPI(5.0.0)","IND.CPI._T.IX.A","OBS_VALUE","India","Consumer price index (CPI)","All Items","Index","Annual","Units","61.69066442606002","64.71780894519132","67.9201861427094","70.18068769389865","72.94498319544988","75.66547052740438","80.67712512926578","84.81699715615305","90.49891675284388","95.61133014477765","100.34699327818","102.7541666666667"
"IMF.STA:CPI(5.0.0)","IND.CPI.CP06.IX.A","OBS_VALUE","India","Consumer price index (CPI)","Health","Index","Annual","Units","95.009461585793","100","104.9061706746088","109.2640459318135","116.0047563077588","","","","","","",""
"IMF.STA:CPI(5.0.0)","IND.CPI.CP09.IX.A","OBS_VALUE","India","Consumer price index (CPI)","Recreation and culture","Index","Annual","Units","95.44040685991845","99.99999999999985","104.213212513305","107.9457166651858","113.049640396553","","","","","","",""
"IMF.STA:CPI(5.0.0)","IND.CPI.CP04.IX.A","OBS_VALUE","India","Consumer price index (CPI)","Housing, water, electricity, gas and other fuels","Index","Annual","Units","95.2688411838266","99.99999999999995","104.460191746561","110.3932055022928","118.4799291371405","","","","","","",""
"IMF.STA:CPI(5.0.0)","IND.CPI.CP02.IX.A","OBS_VALUE","India","Consumer price index (CPI)","Alcoholic beverages, tobacco and narcotics","Index","Annual","Units","91.46923715356922","100","107.4233973360415","114.5505997006568","122.3280982699008","","","","","","",""
"IMF.STA:CPI(5.0.0)","IND.CPI.CP05.IX.A","OBS_VALUE","India","Consumer price index (CPI)","Furnishings, household equipment and routine household maintenance","Index","Annual","Units","94.9136279165806","99.9999999999999","104.6321081973982","108.913194301053","114.3781333883958","","","","","","",""
"IMF.STA:CPI(5.0.0)","IND.CPI.CP01.IX.A","OBS_VALUE","India","Consumer price index (CPI)","Food and non-alcoholic beverages","Index","Annual","Units","95.27645533088532","99.99999999999995","105.2672749081612","106.6823689696602","108.0188270403248","","","","","","",""
"IMF.STA:CPI(5.0.0)","IND.CPI.CP11.IX.A","OBS_VALUE","India","Consumer price index (CPI)","Restaurants and hotels","Index","Annual","Units","93.15881903305945","100","105.936690235047","111.4274603477928","116.287674374164","","","","","","",""
"IMF.STA:CPI(5.0.0)","IND.CPI._T.YOY_PCH_PA_PT.A","OBS_VALUE","India","Consumer price index (CPI)","All Items","Period average, Year-over-year (YOY) percent change","Annual","Units","6.665656718679002","4.906973441272488","4.948216340621377","3.328173374613011","3.938826466916413","3.729505735391268","6.623436776285278","5.13140747176367","6.699034140798552","5.649143189079239","4.95303550973662","2.398849541822923"
"IMF.STA:CPI(5.0.0)","IND.CPI.CP07.IX.A","OBS_VALUE","India","Consumer price index (CPI)","Transport","Index","Annual","Units","101.2927395715895","99.99999999999985","101.8789853438556","106.4937993235628","113.4986922209692","","","","","","",""
"IMF.STA:CPI(5.0.0)","IND.CPI._T.POP_PCH_PA_PT.A","OBS_VALUE","India","Consumer price index (CPI)","All Items","Period average, Period-over-period percent change","Annual","Units","6.665656718679002","4.906973441272488","4.948216340621377","3.328173374613011","3.938826466916413","3.729505735391268","6.623436776285278","5.13140747176367","6.699034140798552","5.649143189079239","4.95303550973662","2.398849541822923"
"IMF.STA:CPI(5.0.0)","MEX.CPI.CP09.POP_PCH_PA_PT.A","OBS_VALUE","Mexico","Consumer price index (CPI)","Recreation and culture","Period average, Period-over-period percent change","Annual","Units","2.668307037655608","2.509517116703306","3.093529388825343","4.220311850853553","3.143236461061802","2.47182328693218","1.752244612050911","4.3058824722247","5.961563578879168","3.4297224409863","",""
"IMF.STA:CPI(5.0.0)","MEX.CPI.CP09.YOY_PCH_PA_PT.A","OBS_VALUE","Mexico","Consumer price index (CPI)","Recreation and culture","Period average, Year-over-year (YOY) percent change","Annual","Units","2.668307037655608","2.509517116703306","3.093529388825343","4.220311850853553","3.143236461061802","2.47182328693218","1.752244612050911","4.3058824722247","5.961563578879168","3.4297224409863","",""
"IMF.STA:CPI(5.0.0)","MEX.CPI.CP06.POP_PCH_PA_PT.A","OBS_VALUE","Mexico","Consumer price index (CPI)","Health","Period average, Period-over-period percent change","Annual","Units","4.079722604856003","3.733702389231246","4.797385712289093","4.968165267832332","4.858934255946784","4.319670056109629","4.543065353747895","4.426863200563702","5.624685900148653","6.459603541860479","",""
"IMF.STA:CPI(5.0.0)","MEX.CPI.CP03.YOY_PCH_PA_PT.A","OBS_VALUE","Mexico","Consumer price index (CPI)","Clothing and footwear","Period average, Year-over-year (YOY) percent change","Annual","Units","2.107563484871911","2.521403778437441","3.205328042145114","4.125591819526957","2.691910138256251","2.308333479540837","0.5997386674240635","3.886477949380653","5.811785197393422","5.005252366566964","",""
"IMF.STA:CPI(5.0.0)","MEX.CPI.CP06.YOY_PCH_PA_PT.A","OBS_VALUE","Mexico","Consumer price index (CPI)","Health","Period average, Year-over-year (YOY) percent change","Annual","Units","4.079722604856003","3.733702389231246","4.797385712289093","4.968165267832332","4.858934255946784","4.319670056109629","4.543065353747895","4.426863200563702","5.624685900148653","6.459603541860479","",""
"IMF.STA:CPI(5.0.0)","MEX.CPI.CP10.POP_PCH_PA_PT.A","OBS_VALUE","Mexico","Consumer price index (CPI)","Education","Period average, Period-over-period percent change","Annual","Units","4.343955701818758","4.342065429158745","4.1918920184698","4.516271848072937","4.780585595004783","4.789760339259213","3.590619386954676","1.551242513445295","3.662282250569772","5.483898015417208","",""
"IMF.STA:CPI(5.0.0)","MEX.CPI.CP05.POP_PCH_PA_PT.A","OBS_VALUE","Mexico","Consumer price index (CPI)","Furnishings, household equipment and routine household maintenance","Period average, Period-over-period percent change","Annual","Units","2.79304522674605","2.703402403746442","3.502809622001643","5.306150760675857","4.51234924108705","3.049967291560648","3.850011016127321","6.105796075343087","8.459945152140534","5.375389949697206","",""
"IMF.STA:CPI(5.0.0)","MEX.CPI.CP08.POP_PCH_PA_PT.A","OBS_VALUE","Mexico","Consumer price index (CPI)","Communication","Period average, Period-over-period percent change","Annual","Units","-1.904583957095762","-11.31594573197059","-10.55562697068934","-2.472582276663854","-0.441809336116513","-0.851912822712244","-1.229552587270987","0.8474326879848907","-3.198935145921057","-3.174811335375993","",""
"IMF.STA:CPI(5.0.0)","MEX.CPI.CP11.POP_PCH_PA_PT.A","OBS_VALUE","Mexico","Consumer price index (CPI)","Restaurants and hotels","Period average, Period-over-period percent change","Annual","Units","5.705709198099236","4.632460881478224","4.517001233364","6.141805222209376","5.083074495580123","5.254708745313259","4.249321708058351","5.664034734736335","10.56727975370773","9.849015509916685","",""
"IMF.STA:CPI(5.0.0)","MEX.CPI.CP02.POP_PCH_PA_PT.A","OBS_VALUE","Mexico","Consumer price index (CPI)","Alcoholic beverages, tobacco and narcotics","Period average, Period-over-period percent change","Annual","Units","6.495274557982072","3.371757447163","2.385987080198503","4.438332087224354","4.766011443122698","5.431357309894005","8.794572037948852","3.298812236867787","7.520527208148121","7.49744531070731","",""
"IMF.STA:CPI(5.0.0)","MEX.CPI.CP10.YOY_PCH_PA_PT.A","OBS_VALUE","Mexico","Consumer price index (CPI)","Education","Period average, Year-over-year (YOY) percent change","Annual","Units","4.343955701818758","4.342065429158745","4.1918920184698","4.516271848072937","4.780585595004783","4.789760339259213","3.590619386954676","1.551242513445295","3.662282250569772","5.483898015417208","",""
"IMF.STA:CPI(5.0.0)","MEX.CPI.CP04.YOY_PCH_PA_PT.A","OBS_VALUE","Mexico","Consumer price index (CPI)","Housing, water, electricity, gas and other fuels","Period average, Year-over-year (YOY) percent change","Annual","Units","2.89963604109293","1.86466441185759","1.716415864206428","3.924003028363966","3.896077766415659","1.960184437821091","2.600923040689119","5.059161749605183","2.970290666976357","0.4628483971933011","",""
"IMF.STA:CPI(5.0.0)","MEX.CPI.CP07.YOY_PCH_PA_PT.A","OBS_VALUE","Mexico","Consumer price index (CPI)","Transport","Period average, Year-over-year (YOY) percent change","Annual","Units","6.706876444573309","2.944519167425992","1.836303731988627","12.25817284209948","8.951919959667646","4.57625124161174","-1.31157453209512","7.955180832798732","7.069010614151462","4.44848029729656","",""
"IMF.STA:CPI(5.0.0)","MEX.CPI.CP01.POP_PCH_PA_PT.A","OBS_VALUE","Mexico","Consumer price index (CPI)","Food and non-alcoholic beverages","Period average, Period-over-period percent change","Annual","Units","4.740626162034778","3.98915275699495","4.469660620265395","6.966012411794832","4.795749553375659","4.388206077992893","6.621497484186025","7.231077229755639","13.26198192229893","8.16568016071797","",""
"IMF.STA:CPI(5.0.0)","MEX.CPI.CP01.YOY_PCH_PA_PT.A","OBS_VALUE","Mexico","Consumer price index (CPI)","Food and non-alcoholic beverages","Period average, Year-over-year (YOY) percent change","Annual","Units","4.740626162034778","3.98915275699495","4.469660620265395","6.966012411794832","4.795749553375659","4.388206077992893","6.621497484186025","7.231077229755639","13.26198192229893","8.16568016071797","",""
"IMF.STA:CPI(5.0.0)","MEX.CPI.CP11.YOY_PCH_PA_PT.A","OBS_VALUE","Mexico","Consumer price index (CPI)","Restaurants and hotels","Period average, Year-over-year (YOY) percent change","Annual","Units","5.705709198099236","4.632460881478224","4.517001233364","6.141805222209376","5.083074495580123","5.254708745313259","4.249321708058351","5.664034734736335","10.56727975370773","9.849015509916685","",""
"IMF.STA:CPI(5.0.0)","MEX.CPI.CP08.YOY_PCH_PA_PT.A","OBS_VALUE","Mexico","Consumer price index (CPI)","Communication","Period average, Year-over-year (YOY) percent change","Annual","Units","-1.904583957095762","-11.31594573197059","-10.55562697068934","-2.472582276663854","-0.441809336116513","-0.851912822712244","-1.229552587270987","0.8474326879848907","-3.198935145921057","-3.174811335375993","",""
"IMF.STA:CPI(5.0.0)","MEX.CPI.CP02.YOY_PCH_PA_PT.A","OBS_VALUE","Mexico","Consumer price index (CPI)","Alcoholic beverages, tobacco and narcotics","Period average, Year-over-year (YOY) percent change","Annual","Units","6.495274557982072","3.371757447163","2.385987080198503","4.438332087224354","4.766011443122698","5.431357309894005","8.794572037948852","3.298812236867787","7.520527208148121","7.49744531070731","",""
"IMF.STA:CPI(5.0.0)","MEX.CPI.CP03.POP_PCH_PA_PT.A","OBS_VALUE","Mexico","Consumer price index (CPI)","Clothing and footwear","Period average, Period-over-period percent change","Annual","Units","2.107563484871911","2.521403778437441","3.205328042145114","4.125591819526957","2.691910138256251","2.308333479540837","0.5997386674240635","3.886477949380653","5.811785197393422","5.005252366566964","",""
"IMF.STA:CPI(5.0.0)","MEX.CPI.CP04.POP_PCH_PA_PT.A","OBS_VALUE","Mexico","Consumer price index (CPI)","Housing, water, electricity, gas and other fuels","Period average, Period-over-period percent change","Annual","Units","2.89963604109293","1.86466441185759","1.716415864206428","3.924003028363966","3.896077766415659","1.960184437821091","2.600923040689119","5.059161749605183","2.970290666976357","0.4628483971933011","",""
"IMF.STA:CPI(5.0.0)","MEX.CPI.CP07.POP_PCH_PA_PT.A","OBS_VALUE","Mexico","Consumer price index (CPI)","Transport","Period average, Period-over-period percent change","Annual","Units","6.706876444573309","2.944519167425992","1.836303731988627","12.25817284209948","8.951919959667646","4.57625124161174","-1.31157453209512","7.955180832798732","7.069010614151462","4.44848029729656","",""
"IMF.STA:CPI(5.0.0)","MEX.CPI.CP05.YOY_PCH_PA_PT.A","OBS_VALUE","Mexico","Consumer price index (CPI)","Furnishings, household equipment and routine household maintenance","Period average, Year-over-year (YOY) percent change","Annual","Units","2.79304522674605","2.703402403746442","3.502809622001643","5.306150760675857","4.51234924108705","3.049967291560648","3.850011016127321","6.105796075343087","8.459945152140534","5.375389949697206","",""
"IMF.STA:CPI(5.0.0)","MEX.CPI.CP12.POP_PCH_PA_PT.A","OBS_VALUE","Mexico","Consumer price index (CPI)","Miscellaneous goods and services","Period average, Period-over-period percent change","Annual","Units","2.244025669759838","2.82936861999942","3.365851083580769","5.304376892885422","4.388789367265171","4.332165427594757","3.893379402973116","4.401017020213979","8.597585197146511","8.753623602179209","",""
"IMF.STA:CPI(5.0.0)","MEX.CPI.CP12.YOY_PCH_PA_PT.A","OBS_VALUE","Mexico","Consumer price index (CPI)","Miscellaneous goods and services","Period average, Year-over-year (YOY) percent change","Annual","Units","2.244025669759838","2.82936861999942","3.365851083580769","5.304376892885422","4.388789367265171","4.332165427594757","3.893379402973116","4.401017020213979","8.597585197146511","8.753623602179209","",""
"IMF.STA:CPI(5.0.0)","IND.CPI._T.SRP_IX.A","OBS_VALUE","India","Consumer price index (CPI)","All Items","Standard reference period (2010=100), Index","Annual","Units","139.924446113916","146.7905015225735","154.0540131053935","159.1811977520901","165.451068899504","171.6215760033771","182.9888225844252","192.3787246990147","205.2662411462346","216.8620250274261","227.6032781341684","233.0631383288639"
"IMF.STA:CPI(5.0.0)","IND.CPI._T.SRP_YOY_PCH_PA_PT.A","OBS_VALUE","India","Consumer price index (CPI)","All Items","Standard reference period (2010=100), Period average, Year-over-year (YOY) percent change","Annual","Units","6.665656718678994","4.906973441272494","4.948216340621341","3.328173374613047","3.938826466916426","3.729505735391232","6.623436776285296","5.131407471763637","6.699034140798577","5.64914318907925","4.953035509736606","2.398849541822944"
"IMF.STA:CPI(5.0.0)","IND.CPI._T.SRP_POP_PCH_PA_PT.A","OBS_VALUE","India","Consumer price index (CPI)","All Items","Standard reference period (2010=100), Period average, Period-over-period percent change","Annual","Units","6.665656718678994","4.906973441272494","4.948216340621341","3.328173374613047","3.938826466916426","3.729505735391232","6.623436776285296","5.131407471763637","6.699034140798577","5.64914318907925","4.953035509736606","2.398849541822944"
"IMF.STA:CPI(5.0.0)","MEX.CPI.CP04.IX.A","OBS_VALUE","Mexico","Consumer price index (CPI)","Housing, water, electricity, gas and other fuels","Index","Annual","Units","90.69996666666665","92.39121666666668","93.97703416666668","97.66469583333332","101.4697883333333","103.4587833333333","106.1496666666666","111.51995","114.8324166666667","115.3639166666667","",""
"IMF.STA:CPI(5.0.0)","MEX.CPI.CP01.IX.A","OBS_VALUE","Mexico","Consumer price index (CPI)","Food and non-alcoholic beverages","Index","Annual","Units","82.39420833333335","85.68103916666668","89.51069083333335","95.74601666666665","100.3377558333333","104.7407833333333","111.6761916666667","119.7515833333333","135.6330166666667","146.708375","",""
"IMF.STA:CPI(5.0.0)","MEX.CPI.CP08.IX.A","OBS_VALUE","Mexico","Consumer price index (CPI)","Communication","Index","Annual","Units","129.6773333333333","115.0031166666667","102.8638166666667","100.3204241666667","99.87719916666668","99.0263325","97.80875166666668","98.63761499999998","95.48226166666668","92.45087999999998","",""
"IMF.STA:CPI(5.0.0)","MEX.CPI.CP03.IX.A","OBS_VALUE","Mexico","Consumer price index (CPI)","Clothing and footwear","Index","Annual","Units","88.91673833333335","91.15868833333335","94.08062333333335","97.96200583333332","100.599055","102.9212166666667","103.538475","107.562475","113.813775","119.5104416666667","",""
"IMF.STA:CPI(5.0.0)","MEX.CPI.CP10.IX.A","OBS_VALUE","Mexico","Consumer price index (CPI)","Education","Index","Annual","Units","84.95784","88.646765","92.36274166666668","96.53409416666668","101.1489891666667","105.9937833333333","109.7996166666667","111.502875","115.586425","121.9250666666667","",""
"IMF.STA:CPI(5.0.0)","MEX.CPI.CP02.IX.A","OBS_VALUE","Mexico","Consumer price index (CPI)","Alcoholic beverages, tobacco and narcotics","Index","Annual","Units","86.18032916666665","89.08612083333332","91.21170416666668","95.2599825","99.80008416666668","105.2205833333333","114.4742833333333","118.250575","127.1436416666666","136.6761666666666","",""
"IMF.STA:CPI(5.0.0)","MEX.CPI.CP07.IX.A","OBS_VALUE","Mexico","Consumer price index (CPI)","Transport","Index","Annual","Units","77.49921249999998","79.78119166666668","81.24621666666668","91.20551833333332","99.37016333333332","103.9175916666666","102.554635","110.7130416666667","118.5393583333333","123.8125583333334","",""
"IMF.STA:CPI(5.0.0)","MEX.CPI.CP11.IX.A","OBS_VALUE","Mexico","Consumer price index (CPI)","Restaurants and hotels","Index","Annual","Units","81.72806916666668","85.51408999999998","89.37676249999998","94.86610916666665","99.68822416666668","104.92655","109.3852166666667","115.5808333333333","127.7945833333333","140.3810916666667","",""
"IMF.STA:CPI(5.0.0)","MEX.CPI.CP05.IX.A","OBS_VALUE","Mexico","Consumer price index (CPI)","Furnishings, household equipment and routine household maintenance","Index","Annual","Units","85.39683166666668","87.70545166666665","90.77760666666665","95.59440333333332","99.90795666666668","102.9551166666666","106.9189","113.44715","123.0447166666666","129.65885","",""
"IMF.STA:CPI(5.0.0)","MEX.CPI._T.IX.A","OBS_VALUE","Mexico","Consumer price index (CPI)","All Items","Index","Annual","Units","85.332965","87.65456833333332","90.12792416666668","95.57296416666665","100.2554183333333","103.9006666666666","107.43","113.5419166666666","122.5075","129.2796666666667","135.3845833333333","140.53825"
"IMF.STA:CPI(5.0.0)","MEX.CPI.CP09.IX.A","OBS_VALUE","Mexico","Consumer price index (CPI)","Recreation and culture","Index","Annual","Units","87.42844","89.62247166666668","92.39496916666668","96.294325","99.32108333333335","101.776125","103.5594916666667","108.0186416666667","114.4582416666667","118.3838416666667","",""
"IMF.STA:CPI(5.0.0)","MEX.CPI.CP06.IX.A","OBS_VALUE","Mexico","Consumer price index (CPI)","Health","Index","Annual","Units","83.20570333333335","86.31235666666668","90.45309333333335","94.94695249999998","99.5603625","103.8610416666667","108.5795166666667","113.3861833333333","119.7638","127.5000666666667","",""
"IMF.STA:CPI(5.0.0)","MEX.CPI.CP12.IX.A","OBS_VALUE","Mexico","Consumer price index (CPI)","Miscellaneous goods and services","Index","Annual","Units","85.37502500000002","87.79059916666668","90.74549999999998","95.55898333333332","99.75286583333335","104.074325","108.1263333333333","112.8849916666666","122.590375","133.321475","",""
"IMF.STA:CPI(5.0.0)","NGA.CPI.CP02.IX.A","OBS_VALUE","Nigeria","Consumer price index (CPI)","Alcoholic beverages, tobacco and narcotics","Index","Annual","Units","","","","","","","","","","","",""
"IMF.STA:CPI(5.0.0)","NGA.CPI.CP10.IX.A","OBS_VALUE","Nigeria","Consumer price index (CPI)","Education","Index","Annual","Units","","","","","","","","","","","",""
"IMF.STA:CPI(5.0.0)","NGA.CPI.CP08.IX.A","OBS_VALUE","Nigeria","Consumer price index (CPI)","Communication","Index","Annual","Units","","","","","","","","","","","",""
"IMF.STA:CPI(5.0.0)","NGA.CPI.CP11.IX.A","OBS_VALUE","Nigeria","Consumer price index (CPI)","Restaurants and hotels","Index","Annual","Units","","","","","","","","","","","",""
"IMF.STA:CPI(5.0.0)","NGA.CPI.CP09.IX.A","OBS_VALUE","Nigeria","Consumer price index (CPI)","Recreation and culture","Index","Annual","Units","","","","","","","","","","","",""
"IMF.STA:CPI(5.0.0)","NGA.CPI.CP06.IX.A","OBS_VALUE","Nigeria","Consumer price index (CPI)","Health","Index","Annual","Units","","","","","","","","","","","",""
"IMF.STA:CPI(5.0.0)","NGA.CPI.CP03.IX.A","OBS_VALUE","Nigeria","Consumer price index (CPI)","Clothing and footwear","Index","Annual","Units","","","","","","","","","","","",""
"IMF.STA:CPI(5.0.0)","NGA.CPI._T.YOY_PCH_PA_PT.A","OBS_VALUE","Nigeria","Consumer price index (CPI)","All Items","Period average, Year-over-year (YOY) percent change","Annual","Units","8.047410879679082","9.009434980077045","15.69681263879723","16.50226621396407","12.09510651734317","11.39642233781151","13.24602342765981","16.95284572216078","18.84718778432741","24.65955020311398","33.24165905527487","23.0101235833333"
"IMF.STA:CPI(5.0.0)","NGA.CPI._T.POP_PCH_PA_PT.A","OBS_VALUE","Nigeria","Consumer price index (CPI)","All Items","Period average, Period-over-period percent change","Annual","Units","8.047410879679082","9.009434980077045","15.69681263879723","16.50226621396407","12.09510651734317","11.39642233781151","13.24602342765981","16.95284572216078","18.84718778432741","24.65955020311398","33.24165905527487","23.0101235833333"
"IMF.STA:CPI(5.0.0)","NGA.CPI._T.IX.A","OBS_VALUE","Nigeria","Consumer price index (CPI)","All Items","Index","Annual","Units","20.84654055256092","22.72469606923929","26.2917490339639","30.63048345185595","34.3352730521351","38.2482657799972","43.31464002588922","50.65770412458752","60.2052567481775","75.051602260908","100","123.0101235833333"
"IMF.STA:CPI(5.0.0)","NGA.CPI.CP05.IX.A","OBS_VALUE","Nigeria","Consumer price index (CPI)","Furnishings, household equipment and routine household maintenance","Index","Annual","Units","","","","","","","","","","","",""
"IMF.STA:CPI(5.0.0)","NGA.CPI.CP04.IX.A","OBS_VALUE","Nigeria","Consumer price index (CPI)","Housing, water, electricity, gas and other fuels","Index","Annual","Units","","","","","","","","","","","",""
"IMF.STA:CPI(5.0.0)","NGA.CPI.CP07.IX.A","OBS_VALUE","Nigeria","Consumer price index (CPI)","Transport","Index","Annual","Units","","","","","","","","","","","",""
"IMF.STA:CPI(5.0.0)","NGA.CPI.CP01.IX.A","OBS_VALUE","Nigeria","Consumer price index (CPI)","Food and non-alcoholic beverages","Index","Annual","Units","","","","","","","","","","","",""
"IMF.STA:CPI(5.0.0)","NGA.CPI.CP12.IX.A","OBS_VALUE","Nigeria","Consumer price index (CPI)","Miscellaneous goods and services","Index","Annual","Units","","","","","","","","","","","",""
"IMF.STA:CPI(5.0.0)","NGA.CPI._T.SRP_POP_PCH_PA_PT.A","OBS_VALUE","Nigeria","Consumer price index (CPI)","All Items","Standard reference period (2010=100), Period average, Period-over-period percent change","Annual","Units","8.047410879679072","9.009434980077063","15.69681263879722","16.50226621396411","12.09510651734316","11.39642233781149","13.24602342765982","16.95284572216079","18.84718778432741","24.65955020311396","33.24165905527488","23.0101235833333"
"IMF.STA:CPI(5.0.0)","NGA.CPI._T.SRP_YOY_PCH_PA_PT.A","OBS_VALUE","Nigeria","Consumer price index (CPI)","All Items","Standard reference period (2010=100), Period average, Year-over-year (YOY) percent change","Annual","Units","8.047410879679072","9.009434980077063","15.69681263879722","16.50226621396411","12.09510651734316","11.39642233781149","13.24602342765982","16.95284572216079","18.84718778432741","24.65955020311396","33.24165905527488","23.0101235833333"
"IMF.STA:CPI(5.0.0)","NGA.CPI._T.SRP_IX.A","OBS_VALUE","Nigeria","Consumer price index (CPI)","All Items","Standard reference period (2010=100), Index","Annual","Units","145.799165386817","158.9348463938373","183.8825514500381","214.2273396113529","240.1383645266165","267.505546743183","302.9393941350745","354.2962422544423","421.0711203449526","524.9053646572306","699.3926163394345","860.3237216918465"
"IMF.STA:CPI(5.0.0)","KEN.CPI.CP08.IX.A","OBS_VALUE","Kenya","Consumer price index (CPI)","Communication","Index","Annual","Units","91.99421628021312","92.8566936495646","94.73002635024725","95.07072056849752","96.68926347298152","100.4313071294024","101.1682802701825","102.7671664862706","103.8416340426506","104.5144882060944","105.2467800152839","105.4555707074116"
"IMF.STA:CPI(5.0.0)","KEN.CPI.CP03.IX.A","OBS_VALUE","Kenya","Consumer price index (CPI)","Clothing and footwear","Index","Annual","Units","83.7574073745773","87.66458054229468","91.36777184544332","94.76263617636165","98.6265039399332","101.1331295116085","103.6796542555596","105.8888910360671","107.8169291642439","111.1048360902553","114.9894239861069","118.7164108970995"
"IMF.STA:CPI(5.0.0)","KEN.CPI.CP10.IX.A","OBS_VALUE","Kenya","Consumer price index (CPI)","Education","Index","Annual","Units","84.3033733421864","87.70594393234358","91.35936239269832","94.06359346018748","98.81217853670775","100.2693930855602","101.8752043646074","103.5946552764156","104.1793391281196","106.3836567692154","109.1555533447543","111.8231666058402"
"IMF.STA:CPI(5.0.0)","KEN.CPI.CP02.IX.A","OBS_VALUE","Kenya","Consumer price index (CPI)","Alcoholic beverages, tobacco and narcotics","Index","Annual","Units","75.50254852556592","78.2486434220894","88.58733613489845","91.38685835567248","95.41294055848898","103.1503176554281","109.2024858314322","112.132091764896","116.7551796173945","127.2065376693826","136.8387793658672","142.8320823238219"
"IMF.STA:CPI(5.0.0)","KEN.CPI.CP04.IX.A","OBS_VALUE","Kenya","Consumer price index (CPI)","Housing, water, electricity, gas and other fuels","Index","Annual","Units","79.15725201105595","81.6811056188351","83.02525645381482","85.6151256809068","96.55618002227155","101.0599518352568","103.6794423680306","108.223544992697","113.7967338824638","122.4896866063139","126.9412505502238","127.7387877796096"
"IMF.STA:CPI(5.0.0)","KEN.CPI.CP01.IX.A","OBS_VALUE","Kenya","Consumer price index (CPI)","Food and non-alcoholic beverages","Index","Annual","Units","70.2981950701878","78.30261373176915","86.19759813611292","97.72677683539722","99.06750649223195","107.1685583689756","116.8713882455645","126.8051813418972","142.9229387097924","156.7465687110926","165.243176866582","176.9953088153296"
"IMF.STA:CPI(5.0.0)","KEN.CPI.CP12.IX.A","OBS_VALUE","Kenya","Consumer price index (CPI)","Miscellaneous goods and services","Index","Annual","Units","83.07233853802358","87.06283273844162","90.66540118541225","93.93562933813102","97.95612984455965","100.994653546539","102.8700300046348","105.1214043733421","107.8946124700795","113.8297121603799","117.9480951969108","120.9233614046881"
"IMF.STA:CPI(5.0.0)","KEN.CPI.CP06.IX.A","OBS_VALUE","Kenya","Consumer price index (CPI)","Health","Index","Annual","Units","82.54606433630248","86.52440351853182","90.03995822359685","93.04343120158748","97.35091678702118","100.5267041471975","102.7849506505344","106.4652514341124","107.2730377061162","109.848683330663","113.0929097860306","116.5042425017632"
"IMF.STA:CPI(5.0.0)","KEN.CPI.CP11.IX.A","OBS_VALUE","Kenya","Consumer price index (CPI)","Restaurants and hotels","Index","Annual","Units","79.7958309425723","83.91817631936738","88.54275477646758","93.37090425823495","98.26580694960052","101.2943429125349","104.8793568560908","107.823690155838","110.9592787374638","116.8895295413132","121.8225455208004","125.4955240349414"
"IMF.STA:CPI(5.0.0)","KEN.CPI.CP05.IX.A","OBS_VALUE","Kenya","Consumer price index (CPI)","Furnishings, household equipment and routine household maintenance","Index","Annual","Units","84.049121248603","87.79561435703232","91.27581574127308","94.15898853501178","98.32338596183545","101.1742484794914","103.1132331807984","106.4237104310043","115.3167185432555","122.4594611587668","127.8184986645697","131.4534859676601"
"IMF.STA:CPI(5.0.0)","KEN.CPI.CP07.IX.A","OBS_VALUE","Kenya","Consumer price index (CPI)","Transport","Index","Annual","Units","82.8988331300526","82.51303325075785","82.68330655311525","85.8987167867687","94.67389139727688","102.1305866224582","111.9300133925939","124.0257827007908","134.305542176052","149.27901601135","157.1414056239354","161.6401550720862"
"IMF.STA:CPI(5.0.0)","KEN.CPI.CP09.IX.A","OBS_VALUE","Kenya","Consumer price index (CPI)","Recreation and culture","Index","Annual","Units","89.7831060668301","92.5382965547443","96.46967373241815","97.9879215348686","99.46120925699298","100.2613866756899","102.7591593114155","105.4682217573438","107.6043798269099","111.5273565784823","116.5971007575296","120.3632171314728"
"IMF.STA:CPI(5.0.0)","KEN.CPI._T.IX.A","OBS_VALUE","Kenya","Consumer price index (CPI)","All Items","Index","Annual","Units","76.48697440474522","81.52146507399658","86.65507515685888","93.59237690134425","97.98167824659688","103.115563451546","108.6891267851205","115.3277891278858","124.1617394101013","133.6866785432532","139.6889277192494","145.3730500871002"
"IMF.STA:CPI(5.0.0)","KEN.CPI._T.POP_PCH_PA_PT.A","OBS_VALUE","Kenya","Consumer price index (CPI)","All Items","Period average, Period-over-period percent change","Annual","Units","6.878154992759444","6.582154292847832","6.297249538146242","8.005649677099463","4.689806467763281","5.239637957647894","5.405162079333948","6.107936036591776","7.659862682722222","7.671396340294013","4.489788542434483","4.069128785407318"
"IMF.STA:CPI(5.0.0)","KEN.CPI._T.YOY_PCH_PA_PT.A","OBS_VALUE","Kenya","Consumer price index (CPI)","All Items","Period average, Year-over-year (YOY) percent change","Annual","Units","6.878154992759444","6.582154292847832","6.297249538146242","8.005649677099463","4.689806467763281","5.239637957647894","5.405162079333948","6.107936036591776","7.659862682722222","7.671396340294013","4.489788542434483","4.069128785407318"
"IMF.STA:CPI(5.0.0)","KEN.CPI.CP11.POP_PCH_PA_PT.A","OBS_VALUE","Kenya","Consumer price index (CPI)","Restaurants and hotels","Period average, Period-over-period percent change","Annual","Units","6.619366859504408","5.166116234520901","5.510818585356816","5.452901814447013","5.242428281328183","3.081983506722418","3.539204500937894","2.807352550595098","2.908070181139156","5.344528976148739","4.220237688392513","3.015023613600212"
"IMF.STA:CPI(5.0.0)","KEN.CPI.CP07.YOY_PCH_PA_PT.A","OBS_VALUE","Kenya","Consumer price index (CPI)","Transport","Period average, Year-over-year (YOY) percent change","Annual","Units","9.483428929559297","-0.4653863808788513","0.2063592812543176","3.888826375839106","10.2157225844145","7.876189639117124","9.594997046634839","10.80654682472971","8.288405242368735","11.14881306660472","5.266908787761306","2.862867002040843"
"IMF.STA:CPI(5.0.0)","KEN.CPI.CP04.YOY_PCH_PA_PT.A","OBS_VALUE","Kenya","Consumer price index (CPI)","Housing, water, electricity, gas and other fuels","Period average, Year-over-year (YOY) percent change","Annual","Units","5.5921858960542","3.188404781190031","1.645608032354753","3.119375160897779","12.77934740426917","4.66440554291441","2.592016407294524","4.382838604143156","5.14970091780202","7.639017770781287","3.634235719956882","0.6282727056247627"
"IMF.STA:CPI(5.0.0)","KEN.CPI.CP01.YOY_PCH_PA_PT.A","OBS_VALUE","Kenya","Consumer price index (CPI)","Food and non-alcoholic beverages","Period average, Year-over-year (YOY) percent change","Annual","Units","8.708496781964466","11.38637863118605","10.08265756158354","13.37528997162868","1.37191637773232","8.177304712296223","9.053802742388842","8.49976478029019","12.71064573019131","9.672086318746447","5.420602329834678","7.112022518325412"
"IMF.STA:CPI(5.0.0)","KEN.CPI.CP03.POP_PCH_PA_PT.A","OBS_VALUE","Kenya","Consumer price index (CPI)","Clothing and footwear","Period average, Period-over-period percent change","Annual","Units","4.779965476430479","4.66486880407346","4.224273110349279","3.715603721475274","4.07741692240447","2.541533433246217","2.517992626401222","2.13082961779749","1.820812466078321","3.049527519934033","3.496326561965296","3.241156257503209"
"IMF.STA:CPI(5.0.0)","KEN.CPI.CP11.YOY_PCH_PA_PT.A","OBS_VALUE","Kenya","Consumer price index (CPI)","Restaurants and hotels","Period average, Year-over-year (YOY) percent change","Annual","Units","6.619366859504408","5.166116234520901","5.510818585356816","5.452901814447013","5.242428281328183","3.081983506722418","3.539204500937894","2.807352550595098","2.908070181139156","5.344528976148739","4.220237688392513","3.015023613600212"
"IMF.STA:CPI(5.0.0)","KEN.CPI.CP06.POP_PCH_PA_PT.A","OBS_VALUE","Kenya","Consumer price index (CPI)","Health","Period average, Period-over-period percent change","Annual","Units","6.131056821456338","4.819538295637104","4.06307881025966","3.335711207830733","4.629542923993335","3.262205909292182","2.246414544766368","3.580583305518049","0.7587323198158326","2.40101863396747","2.953359436819041","3.01639839507779"
"IMF.STA:CPI(5.0.0)","KEN.CPI.CP10.YOY_PCH_PA_PT.A","OBS_VALUE","Kenya","Consumer price index (CPI)","Education","Period average, Year-over-year (YOY) percent change","Annual","Units","5.393112229119749","4.036102536901087","4.165531201822523","2.959993367582094","5.048270964185643","1.474731728853756","1.60149695697964","1.687801190223238","0.5643957693994174","2.115887525822115","2.605566174090204","2.443863989824296"
"IMF.STA:CPI(5.0.0)","KEN.CPI.CP08.POP_PCH_PA_PT.A","OBS_VALUE","Kenya","Consumer price index (CPI)","Communication","Period average, Period-over-period percent change","Annual","Units","-1.593853288074268","0.9375343409898572","2.017444975752089","0.3596475493320506","1.70246201438839","3.870174952223669","0.7338081738103185","1.580422452391278","1.045535839040133","0.6479618407848247","0.7006605703751597","0.198382023751586"
"IMF.STA:CPI(5.0.0)","KEN.CPI.CP02.YOY_PCH_PA_PT.A","OBS_VALUE","Kenya","Consumer price index (CPI)","Alcoholic beverages, tobacco and narcotics","Period average, Year-over-year (YOY) percent change","Annual","Units","4.96912226287882","3.637089012424031","13.21261591340312","3.160183320684789","4.405537377318756","8.109358176835603","5.867328684552641","2.682728246668319","4.122894507481043","8.951515544095852","7.572127874055791","4.379827842464413"
"IMF.STA:CPI(5.0.0)","KEN.CPI.CP05.POP_PCH_PA_PT.A","OBS_VALUE","Kenya","Consumer price index (CPI)","Furnishings, household equipment and routine household maintenance","Period average, Period-over-period percent change","Annual","Units","5.042930898792249","4.457504198464884","3.963980900102899","3.158747769410498","4.422729567953243","2.899475531449376","1.916480458661418","3.210526086793652","8.35622820914202","6.194021739208652","4.376172698371578","2.843866373856878"
"IMF.STA:CPI(5.0.0)","KEN.CPI.CP05.YOY_PCH_PA_PT.A","OBS_VALUE","Kenya","Consumer price index (CPI)","Furnishings, household equipment and routine household maintenance","Period average, Year-over-year (YOY) percent change","Annual","Units","5.042930898792249","4.457504198464884","3.963980900102899","3.158747769410498","4.422729567953243","2.899475531449376","1.916480458661418","3.210526086793652","8.35622820914202","6.194021739208652","4.376172698371578","2.843866373856878"
"IMF.STA:CPI(5.0.0)","KEN.CPI.CP02.POP_PCH_PA_PT.A","OBS_VALUE","Kenya","Consumer price index (CPI)","Alcoholic beverages, tobacco and narcotics","Period average, Period-over-period percent change","Annual","Units","4.96912226287882","3.637089012424031","13.21261591340312","3.160183320684789","4.405537377318756","8.109358176835603","5.867328684552641","2.682728246668319","4.122894507481043","8.951515544095852","7.572127874055791","4.379827842464413"
"IMF.STA:CPI(5.0.0)","KEN.CPI.CP12.POP_PCH_PA_PT.A","OBS_VALUE","Kenya","Consumer price index (CPI)","Miscellaneous goods and services","Period average, Period-over-period percent change","Annual","Units","4.43595515280468","4.803637733866761","4.137894821081277","3.606919629717514","4.280059158337485","3.101922980012573","1.856906670046266","2.188561983121677","2.638100311986188","5.500830444102365","3.618021128550621","2.522521625135347"
"IMF.STA:CPI(5.0.0)","KEN.CPI.CP08.YOY_PCH_PA_PT.A","OBS_VALUE","Kenya","Consumer price index (CPI)","Communication","Period average, Year-over-year (YOY) percent change","Annual","Units","-1.593853288074268","0.9375343409898572","2.017444975752089","0.3596475493320506","1.70246201438839","3.870174952223669","0.7338081738103185","1.580422452391278","1.045535839040133","0.6479618407848247","0.7006605703751597","0.198382023751586"
"IMF.STA:CPI(5.0.0)","KEN.CPI.CP09.POP_PCH_PA_PT.A","OBS_VALUE","Kenya","Consumer price index (CPI)","Recreation and culture","Period average, Period-over-period percent change","Annual","Units","10.19915448213519","3.068718168274745","4.248378589234247","1.573808372838158","1.503540129280236","0.804512055176587","2.491260811906592","2.63632211871098","2.025404462095577","3.645740775498931","4.545740466357865","3.230025746330568"
"IMF.STA:CPI(5.0.0)","KEN.CPI.CP06.YOY_PCH_PA_PT.A","OBS_VALUE","Kenya","Consumer price index (CPI)","Health","Period average, Year-over-year (YOY) percent change","Annual","Units","6.131056821456338","4.819538295637104","4.06307881025966","3.335711207830733","4.629542923993335","3.262205909292182","2.246414544766368","3.580583305518049","0.7587323198158326","2.40101863396747","2.953359436819041","3.01639839507779"
"IMF.STA:CPI(5.0.0)","KEN.CPI.CP10.POP_PCH_PA_PT.A","OBS_VALUE","Kenya","Consumer price index (CPI)","Education","Period average, Period-over-period percent change","Annual","Units","5.393112229119749","4.036102536901087","4.165531201822523","2.959993367582094","5.048270964185643","1.474731728853756","1.60149695697964","1.687801190223238","0.5643957693994174","2.115887525822115","2.605566174090204","2.443863989824296"
"IMF.STA:CPI(5.0.0)","KEN.CPI.CP12.YOY_PCH_PA_PT.A","OBS_VALUE","Kenya","Consumer price index (CPI)","Miscellaneous goods and services","Period average, Year-over-year (YOY) percent change","Annual","Units","4.43595515280468","4.803637733866761","4.137894821081277","3.606919629717514","4.280059158337485","3.101922980012573","1.856906670046266","2.188561983121677","2.638100311986188","5.500830444102365","3.618021128550621","2.522521625135347"
"IMF.STA:CPI(5.0.0)","KEN.CPI.CP01.POP_PCH_PA_PT.A","OBS_VALUE","Kenya","Consumer price index (CPI)","Food and non-alcoholic beverages","Period average, Period-over-period percent change","Annual","Units","8.708496781964466","11.38637863118605","10.08265756158354","13.37528997162868","1.37191637773232","8.177304712296223","9.053802742388842","8.49976478029019","12.71064573019131","9.672086318746447","5.420602329834678","7.112022518325412"
"IMF.STA:CPI(5.0.0)","KEN.CPI.CP07.POP_PCH_PA_PT.A","OBS_VALUE","Kenya","Consumer price index (CPI)","Transport","Period average, Period-over-period percent change","Annual","Units","9.483428929559297","-0.4653863808788513","0.2063592812543176","3.888826375839106","10.2157225844145","7.876189639117124","9.594997046634839","10.80654682472971","8.288405242368735","11.14881306660472","5.266908787761306","2.862867002040843"
"IMF.STA:CPI(5.0.0)","KEN.CPI.CP04.POP_PCH_PA_PT.A","OBS_VALUE","Kenya","Consumer price index (CPI)","Housing, water, electricity, gas and other fuels","Period average, Period-over-period percent change","Annual","Units","5.5921858960542","3.188404781190031","1.645608032354753","3.119375160897779","12.77934740426917","4.66440554291441","2.592016407294524","4.382838604143156","5.14970091780202","7.639017770781287","3.634235719956882","0.6282727056247627"
"IMF.STA:CPI(5.0.0)","KEN.CPI.CP09.YOY_PCH_PA_PT.A","OBS_VALUE","Kenya","Consumer price index (CPI)","Recreation and culture","Period average, Year-over-year (YOY) percent change","Annual","Units","10.19915448213519","3.068718168274745","4.248378589234247","1.573808372838158","1.503540129280236","0.804512055176587","2.491260811906592","2.63632211871098","2.025404462095577","3.645740775498931","4.545740466357865","3.230025746330568"
"IMF.STA:CPI(5.0.0)","KEN.CPI.CP03.YOY_PCH_PA_PT.A","OBS_VALUE","Kenya","Consumer price index (CPI)","Clothing and footwear","Period average, Year-over-year (YOY) percent change","Annual","Units","4.779965476430479","4.66486880407346","4.224273110349279","3.715603721475274","4.07741692240447","2.541533433246217","2.517992626401222","2.13082961779749","1.820812466078321","3.049527519934033","3.496326561965296","3.241156257503209"
"IMF.STA:CPI(5.0.0)","KEN.CPI._T.SRP_POP_PCH_PA_PT.A","OBS_VALUE","Kenya","Consumer price index (CPI)","All Items","Standard reference period (2010=100), Period average, Period-over-period percent change","Annual","Units","6.878154992759489","6.582154292847786","6.297249538146249","8.005649677099447","4.689806467763299","5.239637957647923","5.40516207933392","6.107936036591763","7.659862682722239","7.671396340294023","4.489788542434479","4.069128785407293"
"IMF.STA:CPI(5.0.0)","KEN.CPI._T.SRP_IX.A","OBS_VALUE","Kenya","Consumer price index (CPI)","All Items","Standard reference period (2010=100), Index","Annual","Units","140.9144067848212","150.1896104602493","159.647425011301","172.4282385762158","180.5147892612135","189.9731106785122","200.2414652178382","212.4720858320779","228.7471558459308","246.2952567880222","257.3533930078504","267.8254340029552"
"IMF.STA:CPI(5.0.0)","KEN.CPI._T.SRP_YOY_PCH_PA_PT.A","OBS_VALUE","Kenya","Consumer price index (CPI)","All Items","Standard reference period (2010=100), Period average, Year-over-year (YOY) percent change","Annual","Units","6.878154992759489","6.582154292847786","6.297249538146249","8.005649677099447","4.689806467763299","5.239637957647923","5.40516207933392","6.107936036591763","7.659862682722239","7.671396340294023","4.489788542434479","4.069128785407293"
"IMF.STA:CPI(5.0.0)","AUS.CPI._T.IX.A","OBS_VALUE","Australia","Consumer price index (CPI)","All Items","Index","Annual","Units","73.643665","74.7544825","75.7090925","77.1843925","78.659695","79.9267225","80.6036225","82.91204","88.37934","93.3259475","96.28117583333332","99.04833333333332"
"IMF.STA:CPI(5.0.0)","AUS.CPI.CP04.IX.A","OBS_VALUE","Australia","Consumer price index (CPI)","Housing, water, electricity, gas and other fuels","Index","Annual","Units","","","","","","","","","","","",""
"IMF.STA:CPI(5.0.0)","AUS.CPI.CP07.IX.A","OBS_VALUE","Australia","Consumer price index (CPI)","Transport","Index","Annual","Units","","","","","","","","","","","",""
"IMF.STA:CPI(5.0.0)","AUS.CPI.CP10.IX.A","OBS_VALUE","Australia","Consumer price index (CPI)","Education","Index","Annual","Units","","","","","","","","","","","",""
"IMF.STA:CPI(5.0.0)","AUS.CPI.CP02.IX.A","OBS_VALUE","Australia","Consumer price index (CPI)","Alcoholic beverages, tobacco and narcotics","Index","Annual","Units","","","","","","","","","","","",""
"IMF.STA:CPI(5.0.0)","AUS.CPI.CP03.IX.A","OBS_VALUE","Australia","Consumer price index (CPI)","Clothing and footwear","Index","Annual","Units","","","","","","","","","","","",""
"IMF.STA:CPI(5.0.0)","AUS.CPI.CP06.IX.A","OBS_VALUE","Australia","Consumer price index (CPI)","Health","Index","Annual","Units","","","","","","","","","","","",""
"IMF.STA:CPI(5.0.0)","AUS.CPI.CP11.IX.A","OBS_VALUE","Australia","Consumer price index (CPI)","Restaurants and hotels","Index","Annual","Units","","","","","","","","","","","",""
"IMF.STA:CPI(5.0.0)","AUS.CPI.CP08.IX.A","OBS_VALUE","Australia","Consumer price index (CPI)","Communication","Index","Annual","Units","","","","","","","","","","","",""
"IMF.STA:CPI(5.0.0)","AUS.CPI.CP05.IX.A","OBS_VALUE","Australia","Consumer price index (CPI)","Furnishings, household equipment and routine household maintenance","Index","Annual","Units","","","","","","","","","","","",""
"IMF.STA:CPI(5.0.0)","AUS.CPI.CP09.IX.A","OBS_VALUE","Australia","Consumer price index (CPI)","Recreation and culture","Index","Annual","Units","","","","","","","","","","","",""
"IMF.STA:CPI(5.0.0)","AUS.CPI._T.YOY_PCH_PA_PT.A","OBS_VALUE","Australia","Consumer price index (CPI)","All Items","Period average, Year-over-year (YOY) percent change","Annual","Units","2.487929320804933","1.508368031384641","1.276993657203098","1.948643090656515","1.91140002818575","1.610770929127045","0.8469007346072523","2.863912847093194","6.594096587178412","5.597017922967064","3.166566654287994","2.874037916601749"
"IMF.STA:CPI(5.0.0)","AUS.CPI._T.POP_PCH_PA_PT.A","OBS_VALUE","Australia","Consumer price index (CPI)","All Items","Period average, Period-over-period percent change","Annual","Units","2.487929320804933","1.508368031384641","1.276993657203098","1.948643090656515","1.91140002818575","1.610770929127045","0.8469007346072523","2.863912847093194","6.594096587178412","5.597017922967064","3.166566654287994","2.874037916601749"
"IMF.STA:CPI(5.0.0)","AUS.CPI.CP12.IX.A","OBS_VALUE","Australia","Consumer price index (CPI)","Miscellaneous goods and services","Index","Annual","Units","","","","","","","","","","","",""
"IMF.STA:CPI(5.0.0)","AUS.CPI.CP01.IX.A","OBS_VALUE","Australia","Consumer price index (CPI)","Food and non-alcoholic beverages","Index","Annual","Units","","","","","","","","","","","",""
